seed,network_type,trained_broadcast_mode,diagnostic_feedback,branch_numel_weighted_cosine,branch_macro_cosine,branch_concatenated_cosine,branch_local_exact_norm_ratio,cohort
42,dendritic_additive,per_soma,neuron_wise,0.4735570475019782,0.5427675306797027,0.4543082798750876,1.0392340628608898,original
42,dendritic_additive,per_soma,scalar_fallback,0.1790921337576026,0.229610575735569,0.1603134556088581,0.312745865337445,original
42,dendritic_additive,per_soma_shared,neuron_wise,0.659728032754237,0.7425311923027038,0.6910085721787653,1.7173434252038442,original
42,dendritic_additive,per_soma_shared,scalar_fallback,0.0365065752616916,0.0498762987554073,0.0253603460869025,0.1018667382187251,original
42,dendritic_shunting,per_soma,neuron_wise,0.7023895259777388,0.6502874374389649,0.7041021563093848,1.2889947788680145,original
42,dendritic_shunting,per_soma,scalar_fallback,0.0243454410070442,0.1540600448846817,-0.0436114763927693,0.2037590170684391,original
42,dendritic_shunting,per_soma_shared,neuron_wise,0.6081155816112381,0.6728614687919616,0.5401096171826979,2.805146915349168,original
42,dendritic_shunting,per_soma_shared,scalar_fallback,0.0050498179658,0.0320934817194938,0.0369225777588689,0.0729017115491339,original
43,dendritic_additive,per_soma,neuron_wise,0.6091477125859356,0.6037090301513672,0.6019846592910901,0.8494557986076287,original
43,dendritic_additive,per_soma,scalar_fallback,0.136848496412376,0.1841715216636657,0.0950364268208297,0.1515516512752428,original
43,dendritic_additive,per_soma_shared,neuron_wise,0.6187726422989985,0.6889572620391846,0.6396361596449867,2.04667753397623,original
43,dendritic_additive,per_soma_shared,scalar_fallback,-0.0054514287732749,-0.0167125212028622,-0.0061459474888136,0.1088577491980588,original
43,dendritic_shunting,per_soma,neuron_wise,0.3974769681383414,0.4935021877288818,0.336853786324676,1.512136420475387,original
43,dendritic_shunting,per_soma,scalar_fallback,0.0848843963165207,0.1637336455285549,0.0976079806303742,0.2790142355196011,original
43,dendritic_shunting,per_soma_shared,neuron_wise,0.6850537410675293,0.7788643121719361,0.632472590294972,2.7670474389148056,original
43,dendritic_shunting,per_soma_shared,scalar_fallback,0.0216758057023899,-0.0034231388010084,0.0298667275465,0.0675983013264945,original
44,dendritic_additive,per_soma,neuron_wise,0.4055758352488635,0.482235699892044,0.3177585462629987,1.2876997335568967,original
44,dendritic_additive,per_soma,scalar_fallback,0.1844002523745198,0.267421281337738,0.0938026617211978,0.2864485809761595,original
44,dendritic_additive,per_soma_shared,neuron_wise,0.516124528290266,0.6124695599079132,0.5268982684561313,1.9758314375148207,original
44,dendritic_additive,per_soma_shared,scalar_fallback,-0.0159604601556086,-0.0506628788076341,-0.0411827054485263,0.1145314533190237,original
44,dendritic_shunting,per_soma,neuron_wise,0.3674974726870715,0.5080530762672424,0.3698276854833366,1.3145582733056642,original
44,dendritic_shunting,per_soma,scalar_fallback,0.1209421229409981,0.141747923195362,0.1472190492595984,0.2806632308595246,original
44,dendritic_shunting,per_soma_shared,neuron_wise,0.6389020176807723,0.7259662270545959,0.6391366102890165,3.039426503283437,original
44,dendritic_shunting,per_soma_shared,scalar_fallback,0.0493664463107804,0.01596285328269,0.0819891460021303,0.0675306732696804,original
45,dendritic_additive,per_soma,neuron_wise,0.4331855216776707,0.4433904647827148,0.3504257098634071,1.4511963208638303,original
45,dendritic_additive,per_soma,scalar_fallback,0.2173819174187116,0.2406915575265884,0.269002658508131,0.3573226625094655,original
45,dendritic_additive,per_soma_shared,neuron_wise,0.6285879142730835,0.6882551550865174,0.631036844561727,1.84967931002728,original
45,dendritic_additive,per_soma_shared,scalar_fallback,0.0640562960475801,0.048004150763154,0.0483251646421036,0.1524101615262258,original
45,dendritic_shunting,per_soma,neuron_wise,0.3687927724925645,0.522596538066864,0.2995693162114597,1.8789931501733312,original
45,dendritic_shunting,per_soma,scalar_fallback,0.1148883637441582,0.1708274185657501,0.1235788984633235,0.3142525802670157,original
45,dendritic_shunting,per_soma_shared,neuron_wise,0.7319346694072404,0.7868329048156738,0.7063931420282112,3.166097911215618,original
45,dendritic_shunting,per_soma_shared,scalar_fallback,0.0385968056748587,0.0291988544166088,0.0244806407469157,0.09669929715838,original
46,dendritic_additive,per_soma,neuron_wise,0.4035646278449739,0.4744823336601257,0.3778030878924469,2.1010412852987077,original
46,dendritic_additive,per_soma,scalar_fallback,0.2926328438401697,0.3287652641534805,0.2384705357870451,0.8852377783970188,original
46,dendritic_additive,per_soma_shared,neuron_wise,0.5970885467339322,0.6713108062744141,0.6063983053200531,2.0054418539423398,original
46,dendritic_additive,per_soma_shared,scalar_fallback,-0.0367455320315532,-0.0358248006552457,-0.0402058053029244,0.12318845293427,original
46,dendritic_shunting,per_soma,neuron_wise,0.3804599208090884,0.4595006227493286,0.3560315723398502,1.8964119960543973,original
46,dendritic_shunting,per_soma,scalar_fallback,0.1767107889519269,0.2101506859064102,0.1716693984906145,0.3654069220583149,original
46,dendritic_shunting,per_soma_shared,neuron_wise,0.7297709418293015,0.7929689526557923,0.6966245031577945,2.563227751028533,original
46,dendritic_shunting,per_soma_shared,scalar_fallback,-0.048184424814475,-0.0810896987095475,-0.0419814058552293,0.044304950194503,original
47,dendritic_additive,per_soma,neuron_wise,0.4130427260987787,0.44504514336586,0.3860082569157098,0.9264574397324912,extension
47,dendritic_additive,per_soma,scalar_fallback,0.1814831510815487,0.1930164724588394,0.2083917175192745,0.2289131862467411,extension
47,dendritic_additive,per_soma_shared,neuron_wise,0.5863342307098358,0.6414062142372131,0.5900285666494217,2.197924423428294,extension
47,dendritic_additive,per_soma_shared,scalar_fallback,0.0084823953511705,-0.0111770622432231,-0.0056931707383958,0.2398861849761239,extension
47,dendritic_shunting,per_soma,neuron_wise,0.3151023510632761,0.43018639087677,0.3898364140929577,3.7670931936398175,extension
47,dendritic_shunting,per_soma,scalar_fallback,0.1556560544070019,0.1095245406031608,0.1308018251289875,0.9357376675056448,extension
47,dendritic_shunting,per_soma_shared,neuron_wise,0.668445031785395,0.7673066258430481,0.6361632762968464,3.701718834278921,extension
47,dendritic_shunting,per_soma_shared,scalar_fallback,0.0593504476416633,0.0316285982728004,0.0327077796748076,0.1760108015244951,extension
48,dendritic_additive,per_soma,neuron_wise,0.4338717496537592,0.4685601472854614,0.3984086025418946,0.8412234258871706,extension
48,dendritic_additive,per_soma,scalar_fallback,0.2512760708484042,0.2159546196460723,0.3057479421412811,0.3084069714417642,extension
48,dendritic_additive,per_soma_shared,neuron_wise,0.5703802088057377,0.6267505645751953,0.5776987753269971,1.8992648705164183,extension
48,dendritic_additive,per_soma_shared,scalar_fallback,0.0284041018433779,0.0691262066364288,0.0532081538703502,0.074096294505004,extension
48,dendritic_shunting,per_soma,neuron_wise,0.3614580643414501,0.5141768336296082,0.3577342432544925,3.327435388675524,extension
48,dendritic_shunting,per_soma,scalar_fallback,0.1042379788288557,0.0958688765764236,0.1858412011894777,0.6069612092465565,extension
48,dendritic_shunting,per_soma_shared,neuron_wise,0.5880098367782228,0.6907836556434631,0.5559199743315932,2.5950613766712967,extension
48,dendritic_shunting,per_soma_shared,scalar_fallback,0.0261722478104302,0.0098635274916887,0.0026683907897269,0.042701356285175,extension
49,dendritic_additive,per_soma,neuron_wise,0.4991402457244843,0.6043659329414368,0.4468286690571484,0.9447307025228224,extension
49,dendritic_additive,per_soma,scalar_fallback,0.2016165549299156,0.2504007071256637,0.1829227350895886,0.198248101486797,extension
49,dendritic_additive,per_soma_shared,neuron_wise,0.5999773490191456,0.6588605999946594,0.6022960770784804,1.9715416503627088,extension
49,dendritic_additive,per_soma_shared,scalar_fallback,0.046425498490077,0.0406495667994022,0.0505600294073637,0.1299371456824352,extension
49,dendritic_shunting,per_soma,neuron_wise,0.3892661677033778,0.4767344772815704,0.3372632962686214,3.037242720400388,extension
49,dendritic_shunting,per_soma,scalar_fallback,0.1024052314822417,0.0966286763548851,0.10751748335863,0.3572745398489385,extension
49,dendritic_shunting,per_soma_shared,neuron_wise,0.6551461725121001,0.7353890299797058,0.5867908758516501,2.1010757233572823,extension
49,dendritic_shunting,per_soma_shared,scalar_fallback,-0.1092427871687953,-0.0999399492517113,-0.0989744300012112,0.0240864901689735,extension
50,dendritic_additive,per_soma,neuron_wise,0.3984356158853052,0.4865282773971557,0.3476300308366131,1.2939933398222043,extension
50,dendritic_additive,per_soma,scalar_fallback,0.1158115410804748,0.2125894397497177,0.0680534042975122,0.4083115793393997,extension
50,dendritic_additive,per_soma_shared,neuron_wise,0.602405376367835,0.6990098714828491,0.6097977408732488,2.3022292546835468,extension
50,dendritic_additive,per_soma_shared,scalar_fallback,0.0721056695828637,0.0668222419917583,0.0502404451767745,0.2141130076430641,extension
50,dendritic_shunting,per_soma,neuron_wise,0.4309611046361733,0.5434721291065217,0.3447536275255993,1.9783436794367344,extension
50,dendritic_shunting,per_soma,scalar_fallback,0.2049672553738749,0.2056897178292274,0.1345306673729952,0.3384603628475673,extension
50,dendritic_shunting,per_soma_shared,neuron_wise,0.6191394499858537,0.7128966808319092,0.5962871191350665,3.255750915772691,extension
50,dendritic_shunting,per_soma_shared,scalar_fallback,0.0646339963952383,0.0373639721423387,0.0450233656196265,0.1137529716992409,extension
51,dendritic_additive,per_soma,neuron_wise,0.3764609317760543,0.4637300848960876,0.3032702730182413,1.420852909681096,extension
51,dendritic_additive,per_soma,scalar_fallback,0.2404521720485383,0.237477445602417,0.216006546610716,0.4810319755256672,extension
51,dendritic_additive,per_soma_shared,neuron_wise,0.5604560631679824,0.6481153011322022,0.5631564066721336,1.3326686083990138,extension
51,dendritic_additive,per_soma_shared,scalar_fallback,0.0211747151726033,0.0269866110756993,0.0231874646883984,0.0912538557974839,extension
51,dendritic_shunting,per_soma,neuron_wise,0.3277968350492151,0.3590713322162628,0.3174949540411418,2.926040474524883,extension
51,dendritic_shunting,per_soma,scalar_fallback,0.0003200779742453,0.0038113983348011,0.0173901338431591,0.3020239617035937,extension
51,dendritic_shunting,per_soma_shared,neuron_wise,0.6959927712208721,0.7870589613914489,0.6565774489118841,2.6050556375587277,extension
51,dendritic_shunting,per_soma_shared,scalar_fallback,-0.1186442143425523,-0.158320939540863,-0.0588426764360039,0.0401927854282446,extension
52,dendritic_additive,per_soma,neuron_wise,0.3211371720549595,0.3855100214481354,0.3222405690557436,1.2338056115736564,extension
52,dendritic_additive,per_soma,scalar_fallback,0.1385382919577488,0.1807772673666477,0.1582876827055097,0.386193615194345,extension
52,dendritic_additive,per_soma_shared,neuron_wise,0.5887275199206227,0.6728374481201171,0.5957167160936042,1.6308588048645978,extension
52,dendritic_additive,per_soma_shared,scalar_fallback,0.0914240731613569,0.1294215433299541,0.0903624566637906,0.1167262481392683,extension
52,dendritic_shunting,per_soma,neuron_wise,0.2599366340694199,0.3082209259271621,0.1809622329671769,1.267121071675641,extension
52,dendritic_shunting,per_soma,scalar_fallback,0.1934146833324812,0.2536176800727844,0.1361402519124308,0.2905732626853088,extension
52,dendritic_shunting,per_soma_shared,neuron_wise,0.6919901767289971,0.7487164258956909,0.6524221477352483,3.004362269731938,extension
52,dendritic_shunting,per_soma_shared,scalar_fallback,-0.0194858496692551,-0.0671327255666256,-0.0436841688251941,0.0718599785669468,extension
53,dendritic_additive,per_soma,neuron_wise,0.4429434951748031,0.5124252378940582,0.4189978150204898,1.0121546384532898,extension
53,dendritic_additive,per_soma,scalar_fallback,0.1669275923221709,0.204204311966896,0.1533066561163358,0.3158383448439191,extension
53,dendritic_additive,per_soma_shared,neuron_wise,0.6201922259957667,0.6886741876602173,0.63359593611861,1.722092983052369,extension
53,dendritic_additive,per_soma_shared,scalar_fallback,0.0860996470627081,0.1213413551449775,0.0892212860164669,0.1089353543068901,extension
53,dendritic_shunting,per_soma,neuron_wise,0.3548872369979007,0.4994692414999008,0.3297971173837731,1.6418966266755677,extension
53,dendritic_shunting,per_soma,scalar_fallback,0.168897145326394,0.2629113748669624,0.2159619381026521,0.2226156418307081,extension
53,dendritic_shunting,per_soma_shared,neuron_wise,0.7087584738332436,0.7928997039794922,0.6676764920320343,2.6966595989142474,extension
53,dendritic_shunting,per_soma_shared,scalar_fallback,0.14627457598766,0.1048814035952091,0.1559799825260641,0.0426336180923823,extension
54,dendritic_additive,per_soma,neuron_wise,0.5510497561678943,0.6057500123977662,0.5180728109128195,0.5096084486138694,extension
54,dendritic_additive,per_soma,scalar_fallback,0.2326890709248197,0.3095535844564437,0.1717560593364136,0.1344967444906847,extension
54,dendritic_additive,per_soma_shared,neuron_wise,0.6391649770071782,0.7037757515907288,0.6473710073610989,2.156998647629736,extension
54,dendritic_additive,per_soma_shared,scalar_fallback,0.0749333698032386,0.1032207243144512,0.0640656437079638,0.1959435600855247,extension
54,dendritic_shunting,per_soma,neuron_wise,0.4680517674822256,0.5111951708793641,0.4425488732332008,3.5814572135718468,extension
54,dendritic_shunting,per_soma,scalar_fallback,0.2813022879442846,0.274514901638031,0.2649425867321978,0.5532884455816058,extension
54,dendritic_shunting,per_soma_shared,neuron_wise,0.6829804941002591,0.7767639756202698,0.6722563378063656,2.6885424808786227,extension
54,dendritic_shunting,per_soma_shared,scalar_fallback,-0.0212176289679519,-0.0506610423326492,0.0263989350614218,0.095483707082935,extension
55,dendritic_additive,per_soma,neuron_wise,0.3748468708137117,0.4225954473018646,0.3527340828576468,1.0769413932446397,extension
55,dendritic_additive,per_soma,scalar_fallback,0.2260619541610854,0.2622706234455109,0.183137100015576,0.2988353663676564,extension
55,dendritic_additive,per_soma_shared,neuron_wise,0.5961390853973024,0.6947554230690003,0.5920828016305674,1.4460852711317875,extension
55,dendritic_additive,per_soma_shared,scalar_fallback,-0.0865552640008736,-0.1384560104459524,-0.0699745395109884,0.1082841459566235,extension
55,dendritic_shunting,per_soma,neuron_wise,0.4324519989879957,0.5096559584140777,0.4338916089892616,1.5410264678958916,extension
55,dendritic_shunting,per_soma,scalar_fallback,-0.1319762021136948,0.0646397054195404,-0.2499666893043784,0.2407486891768308,extension
55,dendritic_shunting,per_soma_shared,neuron_wise,0.6478872596220191,0.7490187168121338,0.6209473693070254,3.023561025850544,extension
55,dendritic_shunting,per_soma_shared,scalar_fallback,0.034000301912605,0.0050861991941928,0.0484500153265378,0.0471766275065878,extension
56,dendritic_additive,per_soma,neuron_wise,0.4140558180486063,0.5234410643577576,0.3474381105028022,1.2708558203054217,extension
56,dendritic_additive,per_soma,scalar_fallback,0.3077748475321735,0.4222304254770279,0.2260217541927781,0.4154569478949072,extension
56,dendritic_additive,per_soma_shared,neuron_wise,0.5982221687172513,0.688253128528595,0.6233308389392193,1.721167148226766,extension
56,dendritic_additive,per_soma_shared,scalar_fallback,-0.0277111194190751,-0.0787538398057222,-0.0466119490014304,0.1059127085693946,extension
56,dendritic_shunting,per_soma,neuron_wise,0.4747372238949475,0.5880801856517792,0.4518324866991644,2.2353771580529145,extension
56,dendritic_shunting,per_soma,scalar_fallback,0.0214840304899025,0.060661394521594,0.0300982468878281,0.2761992463141668,extension
56,dendritic_shunting,per_soma_shared,neuron_wise,0.6587086357253481,0.7608588218688965,0.6078998106993813,3.1695379642989603,extension
56,dendritic_shunting,per_soma_shared,scalar_fallback,-0.0179348905010527,-0.000401066802442,-0.0171518110683789,0.0487492464760946,extension
