dataset,network_type,split,analysis_scope,source_feedback,removal_fraction,parent_gain_ratio_mean_mean,parent_gain_ratio_mean_std,parent_gain_ratio_mean_count,parent_gain_ratio_q50_mean,parent_gain_ratio_q50_std,parent_gain_ratio_q50_count,parent_gain_ratio_q95_mean,parent_gain_ratio_q95_std,parent_gain_ratio_q95_count,distal_path_gain_ratio_mean_mean,distal_path_gain_ratio_mean_std,distal_path_gain_ratio_mean_count,distal_path_gain_ratio_q50_mean,distal_path_gain_ratio_q50_std,distal_path_gain_ratio_q50_count,distal_path_gain_ratio_q95_mean,distal_path_gain_ratio_q95_std,distal_path_gain_ratio_q95_count,parent_total_clipped_fraction_mean,parent_total_clipped_fraction_std,parent_total_clipped_fraction_count,branch_numel_weighted_cosine_mean,branch_numel_weighted_cosine_std,branch_numel_weighted_cosine_count,branch_macro_cosine_mean,branch_macro_cosine_std,branch_macro_cosine_count,branch_concatenated_cosine_mean,branch_concatenated_cosine_std,branch_concatenated_cosine_count,branch_local_target_norm_ratio_mean,branch_local_target_norm_ratio_std,branch_local_target_norm_ratio_count
noise_resilience,dendritic_shunting,test,all_populations,approx_direct_code_per_soma,0.0,1.0,0.0,5,1.0,0.0,5,1.0,0.0,5,1.0,0.0,5,1.0,0.0,5,1.0,0.0,5,0.0,0.0,5,0.08122957254906729,0.047244781605740624,5,0.08619338707067073,0.05430592564647575,5,0.022114634656139637,0.02052684539712981,5,0.287282485445684,0.1668935687919976,5
noise_resilience,dendritic_shunting,test,all_populations,approx_direct_code_per_soma,0.25,1.0209128975868225,0.0006023485364001471,5,1.0225953221321107,0.0007089129494931716,5,1.0449357986450196,0.0012639703003550506,5,1.027931571006775,0.0008256663953765701,5,1.0275133490562438,0.0008309420951789173,5,1.0465269684791565,0.001422685349552493,5,0.0,0.0,5,0.08126832355642266,0.047482626410087034,5,0.08620737087912858,0.0544201960591096,5,0.022264695749919898,0.02067965477606452,5,0.2832091435366369,0.1641878437443058,5
noise_resilience,dendritic_shunting,test,all_populations,approx_direct_code_per_soma,0.5,1.0447241425514222,0.0013732808587386797,5,1.0473313093185426,0.0015551961022724535,5,1.0987528204917907,0.003048204271723456,5,1.0597334861755372,0.0018875652674480502,5,1.0582335233688354,0.0018615658635346536,5,1.1026100754737853,0.003453983353451759,5,0.0,0.0,5,0.0813016179367483,0.04775120305088772,5,0.08621938559226691,0.05454489201203949,5,0.022412636270268432,0.02083283114124731,5,0.2786936039814882,0.16120229532747601,5
noise_resilience,dendritic_shunting,test,all_populations,approx_direct_code_per_soma,1.0,1.1043124437332152,0.003722206048365343,5,1.1045710682868957,0.0037944207505811642,5,1.2461719751358031,0.009436710098535061,5,1.1393101215362549,0.0051496057198133025,5,1.1318357706069946,0.004772484865187545,5,1.2582857608795166,0.010890934222807245,5,0.0,0.0,5,0.08133726421803983,0.0484206197522977,5,0.0862322490196675,0.054836057347745985,5,0.022690423119974303,0.02113374386594962,5,0.26797601683600486,0.1541742816323213,5
noise_resilience,dendritic_shunting,test,all_populations,approx_direct_code_per_soma,2.0,1.3352256417274475,0.02030839766014752,5,1.2645428419113158,0.012131415129088226,5,1.971988582611084,0.07236619688780502,5,1.4473913550376891,0.02879633344799201,5,1.3582726836204528,0.017645459356413092,5,2.0718604803085325,0.09170092341980354,5,3.5858154296875e-05,2.1847261143915333e-05,5,0.08059061940896581,0.05148507574799308,5,0.0859628124628216,0.05594804759995886,5,0.022904708516823125,0.021713214676312553,5,0.23357405225061645,0.13175087575117336,5
noise_resilience,dendritic_shunting,test,all_populations,approx_direct_code_per_soma,4.0,4.404681205749512,0.19815183617477383,5,2.128047752380371,0.10969071252650581,5,10.5,0.0,5,5.551916599273682,0.26868119550232,5,3.573628807067871,0.46115366827395887,5,10.500000953674316,0.0,5,0.13552398681640626,0.011598565362409139,5,0.06925370537995502,0.05444434952393348,5,0.08187173857586458,0.05700764471328097,5,0.015675795392851515,0.015228163164433622,5,0.06282100259311449,0.03367190067604245,5
noise_resilience,dendritic_shunting,test,all_populations,approx_direct_code_per_soma,8.0,7.4153626441955565,0.06315313267989864,5,10.5,0.0,5,10.5,0.0,5,9.575024604797363,0.07731161606695428,5,10.5,0.0,5,10.500000953674316,0.0,5,0.3267539978027344,0.0042129066531199685,5,0.07733031727702785,0.05262312019684964,5,0.08478628974407912,0.05653253083098487,5,0.020008060512654004,0.02020561390303068,5,0.030203851277766158,0.014360029826845516,5
noise_resilience,dendritic_shunting,test,all_populations,exact_soma_blockwise_per_soma,0.0,1.0,0.0,5,1.0,0.0,5,1.0,0.0,5,1.0,0.0,5,1.0,0.0,5,1.0,0.0,5,0.0,0.0,5,0.2266173569601309,0.05485882269198798,5,0.4077532947063446,0.03963140829781186,5,0.13306202762955835,0.026789277334190103,5,3.718075112603658,1.331324523630328,5
noise_resilience,dendritic_shunting,test,all_populations,exact_soma_blockwise_per_soma,0.25,1.0209128975868225,0.0006023485364001471,5,1.0225953221321107,0.0007089129494931716,5,1.0449357986450196,0.0012639703003550506,5,1.027931571006775,0.0008256663953765701,5,1.0275133490562438,0.0008309420951789173,5,1.0465269684791565,0.001422685349552493,5,0.0,0.0,5,0.22691238336078548,0.05460983124985512,5,0.40785975884646175,0.03954694988951514,5,0.1335500320859726,0.026362538237256424,5,3.6710254453753692,1.3256284971410226,5
noise_resilience,dendritic_shunting,test,all_populations,exact_soma_blockwise_per_soma,0.5,1.0447241425514222,0.0013732808587386797,5,1.0473313093185426,0.0015551961022724535,5,1.0987528204917907,0.003048204271723456,5,1.0597334861755372,0.0018875652674480502,5,1.0582335233688354,0.0018615658635346536,5,1.1026100754737853,0.003453983353451759,5,0.0,0.0,5,0.22720001519691962,0.05433886035283873,5,0.40796355456113814,0.03945388924269533,5,0.13402529178611736,0.02590540422182826,5,3.6185880365868037,1.3189069913908307,5
noise_resilience,dendritic_shunting,test,all_populations,exact_soma_blockwise_per_soma,1.0,1.1043124437332152,0.003722206048365343,5,1.1045710682868957,0.0037944207505811642,5,1.2461719751358031,0.009436710098535061,5,1.1393101215362549,0.0051496057198133025,5,1.1318357706069946,0.004772484865187545,5,1.2582857608795166,0.010890934222807245,5,0.0,0.0,5,0.22771340784689462,0.05372657856275014,5,0.4081488190218806,0.03923766222016357,5,0.13488877043436034,0.02490215052903788,5,3.4928915048811042,1.300946594430529,5
noise_resilience,dendritic_shunting,test,all_populations,exact_soma_blockwise_per_soma,2.0,1.3352256417274475,0.02030839766014752,5,1.2645428419113158,0.012131415129088226,5,1.971988582611084,0.07236619688780502,5,1.4473913550376891,0.02879633344799201,5,1.3582726836204528,0.017645459356413092,5,2.0718604803085325,0.09170092341980354,5,3.5858154296875e-05,2.1847261143915333e-05,5,0.2269525600129269,0.052250278545504625,5,0.40787425711750985,0.03874424577672945,5,0.13485964365883968,0.022790038981170838,5,3.0789024327209638,1.216896694346114,5
noise_resilience,dendritic_shunting,test,all_populations,exact_soma_blockwise_per_soma,4.0,4.404681205749512,0.19815183617477383,5,2.128047752380371,0.10969071252650581,5,10.5,0.0,5,5.551916599273682,0.26868119550232,5,3.573628807067871,0.46115366827395887,5,10.500000953674316,0.0,5,0.13552398681640626,0.011598565362409139,5,0.20429055901268972,0.04052900706235025,5,0.3996963772922754,0.035415942136557126,5,0.09556074640506451,0.02435983032622198,5,0.8462812552709045,0.3971131635914569,5
noise_resilience,dendritic_shunting,test,all_populations,exact_soma_blockwise_per_soma,8.0,7.4153626441955565,0.06315313267989864,5,10.5,0.0,5,10.5,0.0,5,9.575024604797363,0.07731161606695428,5,10.5,0.0,5,10.500000953674316,0.0,5,0.3267539978027344,0.0042129066531199685,5,0.2237381073038076,0.05019524652644229,5,0.4067142797634006,0.03866520871995202,5,0.10315140217059685,0.023937244898936755,5,0.4336949220092114,0.24109720357949033,5
noise_resilience,dendritic_shunting,test,population_0,approx_direct_code_per_soma,0.0,1.0,0.0,5,1.0,0.0,5,1.0,0.0,5,1.0,0.0,5,1.0,0.0,5,1.0,0.0,5,0.0,0.0,5,0.0796820547226297,0.049180410389815445,5,0.08227317236363887,0.061478590825399554,5,0.07674645273790957,0.05033773767705891,5,0.09998662176584107,0.04329018782632175,5
noise_resilience,dendritic_shunting,test,population_0,approx_direct_code_per_soma,0.25,1.041825795173645,0.0012046970728002942,5,1.0451906442642211,0.0014178258989863215,5,1.089871597290039,0.0025279406007100275,5,1.0558631420135498,0.0016513327907531356,5,1.0550266981124878,0.0016618841903578738,5,1.093053936958313,0.002845370699104986,5,0.0,0.0,5,0.0797239860915449,0.04939629355597105,5,0.08229554645717144,0.06160883479870668,5,0.07714863171918752,0.05055404732174733,5,0.09718218039435586,0.04205757341474064,5
noise_resilience,dendritic_shunting,test,population_0,approx_direct_code_per_soma,0.5,1.0894482851028442,0.002746561717477314,5,1.094662618637085,0.0031103922045448715,5,1.1975056409835816,0.006096408543446966,5,1.1194669723510742,0.003775130534896049,5,1.116467046737671,0.003723131727069348,5,1.2052201509475708,0.006907966706903573,5,0.0,0.0,5,0.07976001299870203,0.049642427150335344,5,0.08231476999819279,0.061752007253674676,5,0.07753173077028579,0.050780432546343804,5,0.09418545824368495,0.0407493918198645,5
noise_resilience,dendritic_shunting,test,population_0,approx_direct_code_per_soma,1.0,1.2086248874664307,0.007444412096730732,5,1.2091421365737915,0.007588841501162351,5,1.4923439502716065,0.0188734201970702,5,1.2786202430725098,0.010299211439626605,5,1.2636715412139892,0.009544969730375089,5,1.5165715217590332,0.02178186844561451,5,0.0,0.0,5,0.07979858483136651,0.05026779184851947,5,0.08233535148203372,0.06209322732882586,5,0.0782086944889659,0.051299290500928026,5,0.08750104684672491,0.03787616310040296,5
noise_resilience,dendritic_shunting,test,population_0,approx_direct_code_per_soma,2.0,1.670451283454895,0.04061679532029503,5,1.5290856838226319,0.0242628302581765,5,2.943977165222168,0.14473239377561004,5,1.8947827100753785,0.05759266689598408,5,1.7165453672409057,0.035290918712826184,5,3.1437209606170655,0.18340184683960714,5,7.171630859375e-05,4.3694522287830666e-05,5,0.07899066160369916,0.05334848633898092,5,0.08190425299108028,0.06358626381694465,5,0.07821044037692733,0.053980552863058466,5,0.06950242479081198,0.030795226486141823,5
noise_resilience,dendritic_shunting,test,population_0,approx_direct_code_per_soma,4.0,7.809362411499023,0.39630367234954766,5,3.2560955047607423,0.2193814250530117,5,20.0,0.0,5,10.103833198547363,0.53736239100464,5,6.147257614135742,0.9223073365479177,5,20.000001907348633,0.0,5,0.2710479736328125,0.023197130724818278,5,0.06672330761852255,0.05565793188455252,5,0.07535853477194907,0.06367157064123652,5,0.05920455733145287,0.052748853220399676,5,0.015027581844229237,0.008339095994178473,5
noise_resilience,dendritic_shunting,test,population_0,approx_direct_code_per_soma,8.0,13.830725288391113,0.12630626535979728,5,20.0,0.0,5,20.0,0.0,5,18.150049209594727,0.15462323213390855,5,20.0,0.0,5,20.000001907348633,0.0,5,0.6535079956054688,0.008425813306239937,5,0.07546278089041492,0.054421134873089916,5,0.0800218166410923,0.06433519509672803,5,0.06920470543517299,0.048826909853296956,5,0.007196644389885848,0.003076069444626814,5
noise_resilience,dendritic_shunting,test,population_0,exact_soma_blockwise_per_soma,0.0,1.0,0.0,5,1.0,0.0,5,1.0,0.0,5,1.0,0.0,5,1.0,0.0,5,1.0,0.0,5,0.0,0.0,5,0.18305093212811596,0.056527962348903164,5,0.18964224815368652,0.04618135263703328,5,0.1764251016763661,0.05510052825290473,5,3.8143594552261746,2.5396604536155913,5
noise_resilience,dendritic_shunting,test,population_0,exact_soma_blockwise_per_soma,0.25,1.041825795173645,0.0012046970728002942,5,1.0451906442642211,0.0014178258989863215,5,1.089871597290039,0.0025279406007100275,5,1.0558631420135498,0.0016513327907531356,5,1.0550266981124878,0.0016618841903578738,5,1.093053936958313,0.002845370699104986,5,0.0,0.0,5,0.183370171850896,0.056243351757952205,5,0.189812590777874,0.046052510413506456,5,0.17737147163423875,0.0554916247096902,5,3.7123560365098682,2.479410600795011,5
noise_resilience,dendritic_shunting,test,population_0,exact_soma_blockwise_per_soma,0.5,1.0894482851028442,0.002746561717477314,5,1.094662618637085,0.0031103922045448715,5,1.1975056409835816,0.006096408543446966,5,1.1194669723510742,0.003775130534896049,5,1.116467046737671,0.003723131727069348,5,1.2052201509475708,0.006907966706903573,5,0.0,0.0,5,0.18368141012457737,0.055933486780546486,5,0.1899786639213562,0.04591157631248813,5,0.17827817574263627,0.05587411932884373,5,3.6022851882166456,2.412094405782265,5
noise_resilience,dendritic_shunting,test,population_0,exact_soma_blockwise_per_soma,1.0,1.2086248874664307,0.007444412096730732,5,1.2091421365737915,0.007588841501162351,5,1.4923439502716065,0.0188734201970702,5,1.2786202430725098,0.010299211439626605,5,1.2636715412139892,0.009544969730375089,5,1.5165715217590332,0.02178186844561451,5,0.0,0.0,5,0.18423693778885314,0.05523248021609533,5,0.19027508705854418,0.04558804941264771,5,0.17988965993046596,0.05661805506077523,5,3.35258651300932,2.2506907121037463,5
noise_resilience,dendritic_shunting,test,population_0,exact_soma_blockwise_per_soma,2.0,1.670451283454895,0.04061679532029503,5,1.5290856838226319,0.0242628302581765,5,2.943977165222168,0.14473239377561004,5,1.8947827100753785,0.05759266689598408,5,1.7165453672409057,0.035290918712826184,5,3.1437209606170655,0.18340184683960714,5,7.171630859375e-05,4.3694522287830666e-05,5,0.1834136458697072,0.05352834285159753,5,0.1898357880115509,0.04483391700089921,5,0.17996156480277278,0.05826284931168064,5,2.648459143377725,1.7385095496641585,5
noise_resilience,dendritic_shunting,test,population_0,exact_soma_blockwise_per_soma,4.0,7.809362411499023,0.39630367234954766,5,3.2560955047607423,0.2193814250530117,5,20.0,0.0,5,10.103833198547363,0.53736239100464,5,6.147257614135742,0.9223073365479177,5,20.000001907348633,0.0,5,0.2710479736328125,0.023197130724818278,5,0.1588917356240322,0.040617291650633325,5,0.17675118029117584,0.04021667797714755,5,0.13906989299864536,0.05070822477388393,5,0.5454232570804614,0.3112732430208865,5
noise_resilience,dendritic_shunting,test,population_0,exact_soma_blockwise_per_soma,8.0,13.830725288391113,0.12630626535979728,5,20.0,0.0,5,20.0,0.0,5,18.150049209594727,0.15462323213390855,5,20.0,0.0,5,20.000001907348633,0.0,5,0.6535079956054688,0.008425813306239937,5,0.17993537751991912,0.05125481438468377,5,0.18797982424497603,0.04471291031519645,5,0.16259363500489493,0.061414410150941984,5,0.28313821220771473,0.2060732429366102,5
noise_resilience,dendritic_shunting,test,population_1,approx_direct_code_per_soma,0.0,1.0,0.0,5,1.0,0.0,5,1.0,0.0,5,1.0,0.0,5,1.0,0.0,5,1.0,0.0,5,0.0,0.0,5,0.10008525091973901,0.05447913012613226,5,0.09272707824905714,0.05550843038702427,5,0.010827491951967683,0.010253272018065699,5,0.41311097665552854,0.30178666094723383,5
noise_resilience,dendritic_shunting,test,population_1,approx_direct_code_per_soma,0.25,1.0,0.0,5,1.0,0.0,5,1.0,0.0,5,1.0,0.0,5,1.0,0.0,5,1.0,0.0,5,0.0,0.0,5,0.10008525091973901,0.05447913012613226,5,0.09272707824905714,0.05550843038702427,5,0.010827491951967683,0.010253272018065699,5,0.41311097665552854,0.30178666094723383,5
noise_resilience,dendritic_shunting,test,population_1,approx_direct_code_per_soma,0.5,1.0,0.0,5,1.0,0.0,5,1.0,0.0,5,1.0,0.0,5,1.0,0.0,5,1.0,0.0,5,0.0,0.0,5,0.10008525091973901,0.05447913012613226,5,0.09272707824905714,0.05550843038702427,5,0.010827491951967683,0.010253272018065699,5,0.41311097665552854,0.30178666094723383,5
noise_resilience,dendritic_shunting,test,population_1,approx_direct_code_per_soma,1.0,1.0,0.0,5,1.0,0.0,5,1.0,0.0,5,1.0,0.0,5,1.0,0.0,5,1.0,0.0,5,0.0,0.0,5,0.10008525091973901,0.05447913012613226,5,0.09272707824905714,0.05550843038702427,5,0.010827491951967683,0.010253272018065699,5,0.41311097665552854,0.30178666094723383,5
noise_resilience,dendritic_shunting,test,population_1,approx_direct_code_per_soma,2.0,1.0,0.0,5,1.0,0.0,5,1.0,0.0,5,1.0,0.0,5,1.0,0.0,5,1.0,0.0,5,0.0,0.0,5,0.10008525091973901,0.05447913012613226,5,0.09272707824905714,0.05550843038702427,5,0.010827491951967683,0.010253272018065699,5,0.41311097665552854,0.30178666094723383,5
noise_resilience,dendritic_shunting,test,population_1,approx_direct_code_per_soma,4.0,1.0,0.0,5,1.0,0.0,5,1.0,0.0,5,1.0,0.0,5,1.0,0.0,5,1.0,0.0,5,0.0,0.0,5,0.10008525091973901,0.05447913012613226,5,0.09272707824905714,0.05550843038702427,5,0.010827491951967683,0.010253272018065699,5,0.41311097665552854,0.30178666094723383,5
noise_resilience,dendritic_shunting,test,population_1,approx_direct_code_per_soma,8.0,1.0,0.0,5,1.0,0.0,5,1.0,0.0,5,1.0,0.0,5,1.0,0.0,5,1.0,0.0,5,0.0,0.0,5,0.10008525091973901,0.05447913012613226,5,0.09272707824905714,0.05550843038702427,5,0.010827491951967683,0.010253272018065699,5,0.41311097665552854,0.30178666094723383,5
noise_resilience,dendritic_shunting,test,population_1,exact_soma_blockwise_per_soma,0.0,1.0,0.0,5,1.0,0.0,5,1.0,0.0,5,1.0,0.0,5,1.0,0.0,5,1.0,0.0,5,0.0,0.0,5,0.7574509799133227,0.042675891196094086,5,0.7712717056274414,0.030141146131739672,5,0.11325068351110223,0.030094932929917228,5,4.046784427250865,1.6350366427683065,5
noise_resilience,dendritic_shunting,test,population_1,exact_soma_blockwise_per_soma,0.25,1.0,0.0,5,1.0,0.0,5,1.0,0.0,5,1.0,0.0,5,1.0,0.0,5,1.0,0.0,5,0.0,0.0,5,0.7574509799133227,0.042675891196094086,5,0.7712717056274414,0.030141146131739672,5,0.11325068351110223,0.030094932929917228,5,4.046784427250865,1.6350366427683065,5
noise_resilience,dendritic_shunting,test,population_1,exact_soma_blockwise_per_soma,0.5,1.0,0.0,5,1.0,0.0,5,1.0,0.0,5,1.0,0.0,5,1.0,0.0,5,1.0,0.0,5,0.0,0.0,5,0.7574509799133227,0.042675891196094086,5,0.7712717056274414,0.030141146131739672,5,0.11325068351110223,0.030094932929917228,5,4.046784427250865,1.6350366427683065,5
noise_resilience,dendritic_shunting,test,population_1,exact_soma_blockwise_per_soma,1.0,1.0,0.0,5,1.0,0.0,5,1.0,0.0,5,1.0,0.0,5,1.0,0.0,5,1.0,0.0,5,0.0,0.0,5,0.7574509799133227,0.042675891196094086,5,0.7712717056274414,0.030141146131739672,5,0.11325068351110223,0.030094932929917228,5,4.046784427250865,1.6350366427683065,5
noise_resilience,dendritic_shunting,test,population_1,exact_soma_blockwise_per_soma,2.0,1.0,0.0,5,1.0,0.0,5,1.0,0.0,5,1.0,0.0,5,1.0,0.0,5,1.0,0.0,5,0.0,0.0,5,0.7574509799133227,0.042675891196094086,5,0.7712717056274414,0.030141146131739672,5,0.11325068351110223,0.030094932929917228,5,4.046784427250865,1.6350366427683065,5
noise_resilience,dendritic_shunting,test,population_1,exact_soma_blockwise_per_soma,4.0,1.0,0.0,5,1.0,0.0,5,1.0,0.0,5,1.0,0.0,5,1.0,0.0,5,1.0,0.0,5,0.0,0.0,5,0.7574509799133227,0.042675891196094086,5,0.7712717056274414,0.030141146131739672,5,0.11325068351110223,0.030094932929917228,5,4.046784427250865,1.6350366427683065,5
noise_resilience,dendritic_shunting,test,population_1,exact_soma_blockwise_per_soma,8.0,1.0,0.0,5,1.0,0.0,5,1.0,0.0,5,1.0,0.0,5,1.0,0.0,5,1.0,0.0,5,0.0,0.0,5,0.7574509799133227,0.042675891196094086,5,0.7712717056274414,0.030141146131739672,5,0.11325068351110223,0.030094932929917228,5,4.046784427250865,1.6350366427683065,5
noise_resilience,dendritic_shunting,train,all_populations,approx_direct_code_per_soma,0.0,1.0,0.0,5,1.0,0.0,5,1.0,0.0,5,0.9999999880790711,1.6323404239048808e-08,5,1.0,0.0,5,1.0,0.0,5,0.0,0.0,5,0.04630349153080826,0.030445720938811184,5,0.03937368207843974,0.034469293742495924,5,0.014887467614800429,0.01343402181141782,5,0.24395294689268016,0.11168104065980011,5
noise_resilience,dendritic_shunting,train,all_populations,approx_direct_code_per_soma,0.25,1.0212417125701905,0.0005139803482550044,5,1.023114836215973,0.0006085656686890101,5,1.0452357530593872,0.0010952249748686087,5,1.0283554196357727,0.0007294631747309459,5,1.0279818534851075,0.0007532822727807694,5,1.0467968702316284,0.0012365407387967,5,0.0,0.0,5,0.04636382296512696,0.03086977475038965,5,0.03939545346656814,0.034610077518094445,5,0.01507918995057515,0.013821443439526529,5,0.23954715735987672,0.10980988991391186,5
noise_resilience,dendritic_shunting,train,all_populations,approx_direct_code_per_soma,0.5,1.0454602599143983,0.0011734404153056566,5,1.0484718203544616,0.0013379492029218453,5,1.099475908279419,0.0026443435041439544,5,1.0606823444366456,0.0016671647818727136,5,1.059283447265625,0.0016899236929422538,5,1.1032646298408508,0.0030055426528026877,5,0.0,0.0,5,0.04640199483654822,0.03133756012413626,5,0.03940922828624025,0.034765245199449915,5,0.015262095671404043,0.014254485267270783,5,0.23464089774167318,0.10771110864865187,5
noise_resilience,dendritic_shunting,train,all_populations,approx_direct_code_per_soma,1.0,1.1062175631523132,0.003190273603180567,5,1.1073583245277405,0.0032807629793268557,5,1.248407769203186,0.008212133708886363,5,1.1417646884918213,0.0045453938514353675,5,1.134529423713684,0.00434697661675942,5,1.2603435039520263,0.009508447704377396,5,0.0,0.0,5,0.046363597917651676,0.032442037995596806,5,0.03939537225523963,0.03513064622091438,5,0.015566731543480011,0.015301932821090719,5,0.22291132651231488,0.10261747643940747,5
noise_resilience,dendritic_shunting,train,all_populations,approx_direct_code_per_soma,2.0,1.3438263297080995,0.017541430125914026,5,1.2734968662261963,0.010637038294610058,5,1.989009404182434,0.06384011098474172,5,1.4582836627960205,0.02538522846583888,5,1.3682536482810974,0.016237777882754136,5,2.088897371292114,0.08125323717957063,5,3.96728515625e-05,1.956311249535841e-05,5,0.04472322970920891,0.03583478930664111,5,0.03880342390621081,0.0362158020761162,5,0.015127400286562901,0.01881943963229735,5,0.1854512928863748,0.0854462922813423,5
noise_resilience,dendritic_shunting,train,all_populations,approx_direct_code_per_soma,4.0,4.513579416275024,0.16997234434783476,5,2.2113735914230346,0.10381897736462407,5,10.5,0.0,5,5.693672561645508,0.23821113435656904,5,3.8412847995758055,0.4698375375311627,5,10.500000953674316,0.0,5,0.14111251831054689,0.009803344257093808,5,0.03645137896534983,0.03487665580641394,5,0.03581841824343428,0.035964201948289455,5,0.009597080116494627,0.02130510038935763,5,0.039581642734239794,0.018455192432322003,5
noise_resilience,dendritic_shunting,train,all_populations,approx_direct_code_per_soma,8.0,7.472288990020752,0.048175131207660246,5,10.5,0.0,5,10.5,0.0,5,9.647799873352051,0.06383883626334604,5,10.5,0.0,5,10.500000953674316,0.0,5,0.33040313720703124,0.003200373458167325,5,0.04912517193958591,0.03347402141767979,5,0.04039192240452394,0.03560673813024171,5,0.01845204861642055,0.017575349071423624,5,0.02221945115578023,0.010604814651259157,5
noise_resilience,dendritic_shunting,train,all_populations,exact_soma_blockwise_per_soma,0.0,1.0,0.0,5,1.0,0.0,5,1.0,0.0,5,0.9999999880790711,1.6323404239048808e-08,5,1.0,0.0,5,1.0,0.0,5,0.0,0.0,5,0.206029799462067,0.07061078361962939,5,0.3809240793809295,0.05662451763192544,5,0.11774660508969317,0.04180019268161341,5,4.476556258565591,1.3334145745156192,5
noise_resilience,dendritic_shunting,train,all_populations,exact_soma_blockwise_per_soma,0.25,1.0212417125701905,0.0005139803482550044,5,1.023114836215973,0.0006085656686890101,5,1.0452357530593872,0.0010952249748686087,5,1.0283554196357727,0.0007294631747309459,5,1.0279818534851075,0.0007532822727807694,5,1.0467968702316284,0.0012365407387967,5,0.0,0.0,5,0.2063679002591893,0.0709866811622033,5,0.3810460874810815,0.0567213243625791,5,0.11819829724363413,0.04165641500644753,5,4.396100551161572,1.3148589567346531,5
noise_resilience,dendritic_shunting,train,all_populations,exact_soma_blockwise_per_soma,0.5,1.0454602599143983,0.0011734404153056566,5,1.0484718203544616,0.0013379492029218453,5,1.099475908279419,0.0026443435041439544,5,1.0606823444366456,0.0016671647818727136,5,1.059283447265625,0.0016899236929422538,5,1.1032646298408508,0.0030055426528026877,5,0.0,0.0,5,0.20669739815202132,0.07137885917956825,5,0.3811649911105633,0.056820128291520944,5,0.11860892974609785,0.04148315208594197,5,4.306333636258346,1.2932320144005178,5
noise_resilience,dendritic_shunting,train,all_populations,exact_soma_blockwise_per_soma,1.0,1.1062175631523132,0.003190273603180567,5,1.1073583245277405,0.0032807629793268557,5,1.248407769203186,0.008212133708886363,5,1.1417646884918213,0.0045453938514353675,5,1.134529423713684,0.00434697661675942,5,1.2603435039520263,0.009508447704377396,5,0.0,0.0,5,0.20727920058900723,0.07220772329318337,5,0.3813749421387911,0.05701848968385159,5,0.11921305828378273,0.04101812735240561,5,4.091066266456553,1.2373465681390934,5
noise_resilience,dendritic_shunting,train,all_populations,exact_soma_blockwise_per_soma,2.0,1.3438263297080995,0.017541430125914026,5,1.2734968662261963,0.010637038294610058,5,1.989009404182434,0.06384011098474172,5,1.4582836627960205,0.02538522846583888,5,1.3682536482810974,0.016237777882754136,5,2.088897371292114,0.08125323717957063,5,3.96728515625e-05,1.956311249535841e-05,5,0.20669995677664285,0.07396575097188968,5,0.38116591442376374,0.057288294096233774,5,0.11752256801972547,0.03925717117709091,5,3.4010567280980637,1.0252968161588176,5
noise_resilience,dendritic_shunting,train,all_populations,exact_soma_blockwise_per_soma,4.0,4.513579416275024,0.16997234434783476,5,2.2113735914230346,0.10381897736462407,5,10.5,0.0,5,5.693672561645508,0.23821113435656904,5,3.8412847995758055,0.4698375375311627,5,10.500000953674316,0.0,5,0.14111251831054689,0.009803344257093808,5,0.18375587115407166,0.06409200139356429,5,0.3728862406685948,0.05387089666121397,5,0.07737952672009075,0.027567114784964934,5,0.7208120365392539,0.18396040715169987,5
noise_resilience,dendritic_shunting,train,all_populations,exact_soma_blockwise_per_soma,8.0,7.472288990020752,0.048175131207660246,5,10.5,0.0,5,10.5,0.0,5,9.647799873352051,0.06383883626334604,5,10.5,0.0,5,10.500000953674316,0.0,5,0.33040313720703124,0.003200373458167325,5,0.20650607760243983,0.07444194111015708,5,0.3810959505848587,0.05806206389678914,5,0.09096709344535095,0.0336465843512707,5,0.4125171626458889,0.14753128576699695,5
noise_resilience,dendritic_shunting,train,population_0,approx_direct_code_per_soma,0.0,1.0,0.0,5,1.0,0.0,5,1.0,0.0,5,0.9999999761581421,3.2646808478097615e-08,5,1.0,0.0,5,1.0,0.0,5,0.0,0.0,5,0.04800759609530409,0.02959099008093755,5,0.05421141542494297,0.03170420755965159,5,0.04511805878885573,0.029943483401736005,5,0.18140265989088392,0.14039496557716508,5
noise_resilience,dendritic_shunting,train,population_0,approx_direct_code_per_soma,0.25,1.042483425140381,0.001027960696510023,5,1.0462296724319458,0.0012171313373779758,5,1.0904715061187744,0.0021904499497371805,5,1.0567108392715454,0.0014589263494618919,5,1.0559637069702148,0.001506564545561479,5,1.0935937404632567,0.0024730814775933614,5,0.0,0.0,5,0.04807287903379397,0.030051157919200995,5,0.05424624964594841,0.03193029265423698,5,0.04521909242908022,0.030706889094475907,5,0.17558699312200227,0.13576187774137988,5
noise_resilience,dendritic_shunting,train,population_0,approx_direct_code_per_soma,0.5,1.0909205198287963,0.0023468808306112763,5,1.0969436407089233,0.0026758984058436936,5,1.198951816558838,0.0052886870082878715,5,1.121364688873291,0.003334329563745446,5,1.11856689453125,0.003379847385884519,5,1.2065292596817017,0.006011085305605375,5,0.0,0.0,5,0.04811418373609681,0.030558507850738242,5,0.05426828935742378,0.03217969648093448,5,0.04527598660790447,0.03153975504851969,5,0.1693567228134682,0.13073569748048477,5
noise_resilience,dendritic_shunting,train,population_0,approx_direct_code_per_soma,1.0,1.2124351263046265,0.006380547206361134,5,1.214716649055481,0.0065615259586537114,5,1.4968155384063722,0.016424267417772725,5,1.2835293769836427,0.009090787702870714,5,1.269058847427368,0.008693953233518853,5,1.5206870079040526,0.019016895408754793,5,0.0,0.0,5,0.04807263551628684,0.03175548789369209,5,0.0542461197078228,0.03276816807514426,5,0.0451809294356408,0.03347181926590205,5,0.15540293352153806,0.11925945109294227,5
noise_resilience,dendritic_shunting,train,population_0,approx_direct_code_per_soma,2.0,1.6876526594161987,0.035082860251827976,5,1.5469937324523926,0.021274076589220113,5,2.978018808364868,0.12768022196948345,5,1.916567325592041,0.05077045693167779,5,1.7365072965621948,0.032475555765508285,5,3.1777947425842283,0.16250647435914117,5,7.9345703125e-05,3.912622499071682e-05,5,0.04629763947878464,0.0354377300902137,5,0.05329900234937668,0.03454898561491483,5,0.04250879956467905,0.039212621132603535,5,0.11777777422910651,0.08718772674022611,5
noise_resilience,dendritic_shunting,train,population_0,approx_direct_code_per_soma,4.0,8.027158832550048,0.3399446886956695,5,3.422747182846069,0.20763795472924815,5,20.0,0.0,5,10.387345123291016,0.4764222687131381,5,6.682569599151611,0.9396750750623254,5,20.000001907348633,0.0,5,0.28222503662109377,0.019606688514187617,5,0.03734690377347735,0.034282511349431964,5,0.04852299328893423,0.03379775269363374,5,0.027110339342267635,0.0398772718641481,5,0.021166254800139,0.013956322840046956,5
noise_resilience,dendritic_shunting,train,population_0,approx_direct_code_per_soma,8.0,13.944577980041505,0.09635026241532049,5,20.0,0.0,5,20.0,0.0,5,18.295599746704102,0.12767767252669207,5,20.0,0.0,5,20.000001907348633,0.0,5,0.6608062744140625,0.00640074691633465,5,0.051060856649184604,0.032798469918241036,5,0.05584059994667769,0.033338934166145605,5,0.04371479996502854,0.037380203465106725,5,0.012353867340769407,0.009554702210006559,5
noise_resilience,dendritic_shunting,train,population_0,exact_soma_blockwise_per_soma,0.0,1.0,0.0,5,1.0,0.0,5,1.0,0.0,5,0.9999999761581421,3.2646808478097615e-08,5,1.0,0.0,5,1.0,0.0,5,0.0,0.0,5,0.16324839761437648,0.07071661082561174,5,0.17027413696050644,0.055577036822585434,5,0.16133101824835194,0.07193470643314057,5,3.9761276799321763,2.6784291935994484,5
noise_resilience,dendritic_shunting,train,population_0,exact_soma_blockwise_per_soma,0.25,1.042483425140381,0.001027960696510023,5,1.0462296724319458,0.0012171313373779758,5,1.0904715061187744,0.0021904499497371805,5,1.0567108392715454,0.0014589263494618919,5,1.0559637069702148,0.001506564545561479,5,1.0935937404632567,0.0024730814775933614,5,0.0,0.0,5,0.16361424692313511,0.07113672817318009,5,0.17046934992074966,0.05573946879536315,5,0.16226676426273529,0.07293679703058416,5,3.847635805082124,2.5892354041847994,5
noise_resilience,dendritic_shunting,train,population_0,exact_soma_blockwise_per_soma,0.5,1.0909205198287963,0.0023468808306112763,5,1.0969436407089233,0.0026758984058436936,5,1.198951816558838,0.0052886870082878715,5,1.121364688873291,0.003334329563745446,5,1.11856689453125,0.003379847385884519,5,1.2065292596817017,0.006011085305605375,5,0.0,0.0,5,0.1639707872725103,0.07157568895918301,5,0.17065959572792053,0.055905966379547326,5,0.1631530285730047,0.07397703766070561,5,3.7100142920671795,2.492252553009112,5
noise_resilience,dendritic_shunting,train,population_0,exact_soma_blockwise_per_soma,1.0,1.2124351263046265,0.006380547206361134,5,1.214716649055481,0.0065615259586537114,5,1.4968155384063722,0.016424267417772725,5,1.2835293769836427,0.009090787702870714,5,1.269058847427368,0.008693953233518853,5,1.5206870079040526,0.019016895408754793,5,0.0,0.0,5,0.164600339232213,0.07250673735354532,5,0.17099551737308502,0.056243753795938295,5,0.16467495617620215,0.07617533381409272,5,3.401922752606768,2.2700324246251173,5
noise_resilience,dendritic_shunting,train,population_0,exact_soma_blockwise_per_soma,2.0,1.6876526594161987,0.035082860251827976,5,1.5469937324523926,0.021274076589220113,5,2.978018808364868,0.12768022196948345,5,1.916567325592041,0.05077045693167779,5,1.7365072965621948,0.032475555765508285,5,3.1777947425842283,0.16250647435914117,5,7.9345703125e-05,3.912622499071682e-05,5,0.16397355588783782,0.07453830187756698,5,0.1706610730290413,0.056781691066218644,5,0.16436242957952016,0.08110716405176718,5,2.573126886016264,1.6452680850755412,5
noise_resilience,dendritic_shunting,train,population_0,exact_soma_blockwise_per_soma,4.0,8.027158832550048,0.3399446886956695,5,3.422747182846069,0.20763795472924815,5,20.0,0.0,5,10.387345123291016,0.4764222687131381,5,6.682569599151611,0.9396750750623254,5,20.000001907348633,0.0,5,0.28222503662109377,0.019606688514187617,5,0.13914640985162136,0.0639910187144755,5,0.15741359502077104,0.05147764482509362,5,0.1244328553029688,0.07033880970509601,5,0.4625378078398681,0.25303489334072277,5
noise_resilience,dendritic_shunting,train,population_0,exact_soma_blockwise_per_soma,8.0,13.944577980041505,0.09635026241532049,5,20.0,0.0,5,20.0,0.0,5,18.295599746704102,0.12767767252669207,5,20.0,0.0,5,20.000001907348633,0.0,5,0.6608062744140625,0.00640074691633465,5,0.16376376471766438,0.07485077029609065,5,0.17054913088679313,0.05790041741960008,5,0.1539770709340777,0.08414210017792377,5,0.27068828945365114,0.1823959821777509,5
noise_resilience,dendritic_shunting,train,population_1,approx_direct_code_per_soma,0.0,1.0,0.0,5,1.0,0.0,5,1.0,0.0,5,1.0,0.0,5,1.0,0.0,5,1.0,0.0,5,0.0,0.0,5,0.02553988737117463,0.05731170245159014,5,0.014644126500934362,0.04194757217288262,5,-0.0013031947322976987,0.008999723076035217,5,0.30539069497537347,0.1467904228184621,5
noise_resilience,dendritic_shunting,train,population_1,approx_direct_code_per_soma,0.25,1.0,0.0,5,1.0,0.0,5,1.0,0.0,5,1.0,0.0,5,1.0,0.0,5,1.0,0.0,5,0.0,0.0,5,0.02553988737117463,0.05731170245159014,5,0.014644126500934362,0.04194757217288262,5,-0.0013031947322976987,0.008999723076035217,5,0.30539069497537347,0.1467904228184621,5
noise_resilience,dendritic_shunting,train,population_1,approx_direct_code_per_soma,0.5,1.0,0.0,5,1.0,0.0,5,1.0,0.0,5,1.0,0.0,5,1.0,0.0,5,1.0,0.0,5,0.0,0.0,5,0.02553988737117463,0.05731170245159014,5,0.014644126500934362,0.04194757217288262,5,-0.0013031947322976987,0.008999723076035217,5,0.30539069497537347,0.1467904228184621,5
noise_resilience,dendritic_shunting,train,population_1,approx_direct_code_per_soma,1.0,1.0,0.0,5,1.0,0.0,5,1.0,0.0,5,1.0,0.0,5,1.0,0.0,5,1.0,0.0,5,0.0,0.0,5,0.02553988737117463,0.05731170245159014,5,0.014644126500934362,0.04194757217288262,5,-0.0013031947322976987,0.008999723076035217,5,0.30539069497537347,0.1467904228184621,5
noise_resilience,dendritic_shunting,train,population_1,approx_direct_code_per_soma,2.0,1.0,0.0,5,1.0,0.0,5,1.0,0.0,5,1.0,0.0,5,1.0,0.0,5,1.0,0.0,5,0.0,0.0,5,0.02553988737117463,0.05731170245159014,5,0.014644126500934362,0.04194757217288262,5,-0.0013031947322976987,0.008999723076035217,5,0.30539069497537347,0.1467904228184621,5
noise_resilience,dendritic_shunting,train,population_1,approx_direct_code_per_soma,4.0,1.0,0.0,5,1.0,0.0,5,1.0,0.0,5,1.0,0.0,5,1.0,0.0,5,1.0,0.0,5,0.0,0.0,5,0.02553988737117463,0.05731170245159014,5,0.014644126500934362,0.04194757217288262,5,-0.0013031947322976987,0.008999723076035217,5,0.30539069497537347,0.1467904228184621,5
noise_resilience,dendritic_shunting,train,population_1,approx_direct_code_per_soma,8.0,1.0,0.0,5,1.0,0.0,5,1.0,0.0,5,1.0,0.0,5,1.0,0.0,5,1.0,0.0,5,0.0,0.0,5,0.02553988737117463,0.05731170245159014,5,0.014644126500934362,0.04194757217288262,5,-0.0013031947322976987,0.008999723076035217,5,0.30539069497537347,0.1467904228184621,5
noise_resilience,dendritic_shunting,train,population_1,exact_soma_blockwise_per_soma,0.0,1.0,0.0,5,1.0,0.0,5,1.0,0.0,5,1.0,0.0,5,1.0,0.0,5,1.0,0.0,5,0.0,0.0,5,0.7272983365382963,0.08993244271983307,5,0.7320073167483012,0.06210403970235324,5,0.09860560988118199,0.04534173414406829,5,4.871092856227377,1.7073929291850096,5
noise_resilience,dendritic_shunting,train,population_1,exact_soma_blockwise_per_soma,0.25,1.0,0.0,5,1.0,0.0,5,1.0,0.0,5,1.0,0.0,5,1.0,0.0,5,1.0,0.0,5,0.0,0.0,5,0.7272983365382963,0.08993244271983307,5,0.7320073167483012,0.06210403970235324,5,0.09860560988118199,0.04534173414406829,5,4.871092856227377,1.7073929291850096,5
noise_resilience,dendritic_shunting,train,population_1,exact_soma_blockwise_per_soma,0.5,1.0,0.0,5,1.0,0.0,5,1.0,0.0,5,1.0,0.0,5,1.0,0.0,5,1.0,0.0,5,0.0,0.0,5,0.7272983365382963,0.08993244271983307,5,0.7320073167483012,0.06210403970235324,5,0.09860560988118199,0.04534173414406829,5,4.871092856227377,1.7073929291850096,5
noise_resilience,dendritic_shunting,train,population_1,exact_soma_blockwise_per_soma,1.0,1.0,0.0,5,1.0,0.0,5,1.0,0.0,5,1.0,0.0,5,1.0,0.0,5,1.0,0.0,5,0.0,0.0,5,0.7272983365382963,0.08993244271983307,5,0.7320073167483012,0.06210403970235324,5,0.09860560988118199,0.04534173414406829,5,4.871092856227377,1.7073929291850096,5
noise_resilience,dendritic_shunting,train,population_1,exact_soma_blockwise_per_soma,2.0,1.0,0.0,5,1.0,0.0,5,1.0,0.0,5,1.0,0.0,5,1.0,0.0,5,1.0,0.0,5,0.0,0.0,5,0.7272983365382963,0.08993244271983307,5,0.7320073167483012,0.06210403970235324,5,0.09860560988118199,0.04534173414406829,5,4.871092856227377,1.7073929291850096,5
noise_resilience,dendritic_shunting,train,population_1,exact_soma_blockwise_per_soma,4.0,1.0,0.0,5,1.0,0.0,5,1.0,0.0,5,1.0,0.0,5,1.0,0.0,5,1.0,0.0,5,0.0,0.0,5,0.7272983365382963,0.08993244271983307,5,0.7320073167483012,0.06210403970235324,5,0.09860560988118199,0.04534173414406829,5,4.871092856227377,1.7073929291850096,5
noise_resilience,dendritic_shunting,train,population_1,exact_soma_blockwise_per_soma,8.0,1.0,0.0,5,1.0,0.0,5,1.0,0.0,5,1.0,0.0,5,1.0,0.0,5,1.0,0.0,5,0.0,0.0,5,0.7272983365382963,0.08993244271983307,5,0.7320073167483012,0.06210403970235324,5,0.09860560988118199,0.04534173414406829,5,4.871092856227377,1.7073929291850096,5
noise_resilience,dendritic_shunting,valid,all_populations,approx_direct_code_per_soma,0.0,1.0,0.0,5,1.0,0.0,5,1.0,0.0,5,0.9999999940395355,1.332800373994061e-08,5,1.0,0.0,5,1.0,0.0,5,0.0,0.0,5,0.06872916040274099,0.016103273235792807,5,0.07342951329192146,0.02489630858112346,5,0.019713629894569134,0.013794187993818298,5,0.21574906314274575,0.13660607259924426,5
noise_resilience,dendritic_shunting,valid,all_populations,approx_direct_code_per_soma,0.25,1.021072220802307,0.0005966831016845801,5,1.0227912664413452,0.0007041591184658653,5,1.045307171344757,0.0011655174939997556,5,1.0281452655792236,0.0008451666068015329,5,1.0277084112167358,0.0008695735833902746,5,1.0468838095664978,0.0013172061125081623,5,0.0,0.0,5,0.06849379726219237,0.01616045106132938,5,0.07334457942051813,0.024936936002195383,5,0.01991570107862026,0.01395129223880484,5,0.2121532130645709,0.13401299469729197,5
noise_resilience,dendritic_shunting,valid,all_populations,approx_direct_code_per_soma,0.5,1.0450883269309998,0.0013600894051187004,5,1.0477613925933837,0.0015460046549030284,5,1.0996492743492126,0.0028146733831595373,5,1.060221266746521,0.001930658114014366,5,1.0586708784103394,0.0019490389504880153,5,1.103477132320404,0.003203008180689712,5,0.0,0.0,5,0.06821077038259664,0.016219238488627212,5,0.07324244546471163,0.024983683123658753,5,0.020115494780665755,0.014108967397060614,5,0.20810851154100743,0.13111017007800727,5
noise_resilience,dendritic_shunting,valid,all_populations,approx_direct_code_per_soma,1.0,1.1053066492080688,0.003685372413639391,5,1.105621373653412,0.0037797506768372704,5,1.2489540815353393,0.008746828059760724,5,1.1406368494033814,0.0052577099849134045,5,1.132958996295929,0.005002287829001137,5,1.2610268473625184,0.010144255048922891,5,0.0,0.0,5,0.06744517319522995,0.01634564623799121,5,0.07296616969397292,0.025098685288984436,5,0.020490150478764516,0.014417899549919537,5,0.1982551986027022,0.1241188585472729,5
noise_resilience,dendritic_shunting,valid,all_populations,approx_direct_code_per_soma,2.0,1.3410356163978576,0.020200023801776774,5,1.2679103851318358,0.012153907988049807,5,1.9935694932937622,0.06826472608788096,5,1.4550560235977172,0.029386431572101277,5,1.3624479651451111,0.01856166141275173,5,2.0952462911605836,0.08726394485324031,5,4.57763671875e-05,2.7902105023055636e-05,5,0.06407881060139234,0.016859744186564475,5,0.07175137366866693,0.02534753269506072,5,0.02071282732522527,0.014845038910185425,5,0.1640132276794975,0.10189814418948893,5
noise_resilience,dendritic_shunting,valid,all_populations,approx_direct_code_per_soma,4.0,4.450099134445191,0.1964055422261203,5,2.1590930223464966,0.113550860923856,5,10.5,0.0,5,5.6131244659423825,0.2778224103449452,5,3.6894999980926513,0.5088038725155208,5,10.500000953674316,0.0,5,0.13814315795898438,0.011434066386594348,5,0.04667865920239931,0.014096514929433403,5,0.06547230117721484,0.02675392985581801,5,0.012341615427587063,0.0118339769271079,5,0.03557738816171815,0.021294960399547615,5
noise_resilience,dendritic_shunting,valid,all_populations,approx_direct_code_per_soma,8.0,7.4277647018432615,0.0669456203832869,5,10.5,0.0,5,10.5,0.0,5,9.594881057739258,0.08391009291766198,5,10.5,0.0,5,10.500000953674316,0.0,5,0.32761459350585936,0.004364963408141872,5,0.064647919147787,0.016957105407593872,5,0.07195674394024536,0.025661550702222084,5,0.01994207264753274,0.016049063761992992,5,0.02076854904628956,0.012012852223444555,5
noise_resilience,dendritic_shunting,valid,all_populations,exact_soma_blockwise_per_soma,0.0,1.0,0.0,5,1.0,0.0,5,1.0,0.0,5,0.9999999940395355,1.332800373994061e-08,5,1.0,0.0,5,1.0,0.0,5,0.0,0.0,5,0.22319249144227235,0.04484517004119663,5,0.42181995920836923,0.04341897441676709,5,0.13375706979296426,0.03363325522687341,5,4.265869694910306,1.9527935339914275,5
noise_resilience,dendritic_shunting,valid,all_populations,exact_soma_blockwise_per_soma,0.25,1.021072220802307,0.0005966831016845801,5,1.0227912664413452,0.0007041591184658653,5,1.045307171344757,0.0011655174939997556,5,1.0281452655792236,0.0008451666068015329,5,1.0277084112167358,0.0008695735833902746,5,1.0468838095664978,0.0013172061125081623,5,0.0,0.0,5,0.22355215189075964,0.04495397855584485,5,0.42194974739104507,0.04341288895636707,5,0.13416740389133214,0.032931495167750235,5,4.196139368905607,1.9135916967574476,5
noise_resilience,dendritic_shunting,valid,all_populations,exact_soma_blockwise_per_soma,0.5,1.0450883269309998,0.0013600894051187004,5,1.0477613925933837,0.0015460046549030284,5,1.0996492743492126,0.0028146733831595373,5,1.060221266746521,0.001930658114014366,5,1.0586708784103394,0.0019490389504880153,5,1.103477132320404,0.003203008180689712,5,0.0,0.0,5,0.22389441296919105,0.04506267398506299,5,0.4220732567831874,0.04339975269937945,5,0.13453392760020436,0.03215169969675343,5,4.117685762812229,1.8704028736733522,5
noise_resilience,dendritic_shunting,valid,all_populations,exact_soma_blockwise_per_soma,1.0,1.1053066492080688,0.003685372413639391,5,1.105621373653412,0.0037797506768372704,5,1.2489540815353393,0.008746828059760724,5,1.1406368494033814,0.0052577099849134045,5,1.132958996295929,0.005002287829001137,5,1.2610268473625184,0.010144255048922891,5,0.0,0.0,5,0.2244499627923228,0.04529560327535875,5,0.4222737342119217,0.043342322034887276,5,0.13500437317770264,0.030257349283485224,5,3.9264646381847848,1.769287334084591,5
noise_resilience,dendritic_shunting,valid,all_populations,exact_soma_blockwise_per_soma,2.0,1.3410356163978576,0.020200023801776774,5,1.2679103851318358,0.012153907988049807,5,1.9935694932937622,0.06826472608788096,5,1.4550560235977172,0.029386431572101277,5,1.3624479651451111,0.01856166141275173,5,2.0952462911605836,0.08726394485324031,5,4.57763671875e-05,2.7902105023055636e-05,5,0.22213481063388058,0.04664939880441712,5,0.4214382812380791,0.04271281447434377,5,0.13061450485502005,0.021776169683132132,5,3.2599344741714793,1.4824560972274692,5
noise_resilience,dendritic_shunting,valid,all_populations,exact_soma_blockwise_per_soma,4.0,4.450099134445191,0.1964055422261203,5,2.1590930223464966,0.113550860923856,5,10.5,0.0,5,5.6131244659423825,0.2778224103449452,5,3.6894999980926513,0.5088038725155208,5,10.500000953674316,0.0,5,0.13814315795898438,0.011434066386594348,5,0.20859614808227595,0.045178556711752686,5,0.41655267756432296,0.042011324706988804,5,0.08768117328350368,0.01116424902589582,5,0.7045511782121027,0.30239312216612474,5
noise_resilience,dendritic_shunting,valid,all_populations,exact_soma_blockwise_per_soma,8.0,7.4277647018432615,0.0669456203832869,5,10.5,0.0,5,10.5,0.0,5,9.594881057739258,0.08391009291766198,5,10.5,0.0,5,10.500000953674316,0.0,5,0.32761459350585936,0.004364963408141872,5,0.22096576848902655,0.04635207470467656,5,0.4210164170712233,0.04341414917017204,5,0.0909787805118076,0.013541146000790179,5,0.423820891735767,0.19909723381332295,5
noise_resilience,dendritic_shunting,valid,population_0,approx_direct_code_per_soma,0.0,1.0,0.0,5,1.0,0.0,5,1.0,0.0,5,0.9999999880790711,2.6656007503154977e-08,5,1.0,0.0,5,1.0,0.0,5,0.0,0.0,5,0.0682872558256307,0.021153495423340923,5,0.07769691176712512,0.019897667014468337,5,0.06520772114076558,0.023957427211178467,5,0.08529080363067248,0.023200064604754284,5
noise_resilience,dendritic_shunting,valid,population_0,approx_direct_code_per_soma,0.25,1.0421444416046142,0.0011933662033691602,5,1.0455825328826904,0.0014083182369317305,5,1.090614342689514,0.0023310349879995113,5,1.0562905311584472,0.0016903332136030855,5,1.0554168224334717,0.0017391471667805491,5,1.0937676191329957,0.0026344122250163598,5,0.0,0.0,5,0.06803257602892548,0.021193103657895236,5,0.07756101757287978,0.01996120817131833,5,0.0652029862002501,0.024216251965354936,5,0.08254259808992778,0.022266303652106544,5
noise_resilience,dendritic_shunting,valid,population_0,approx_direct_code_per_soma,0.5,1.0901766538619995,0.002720178810237367,5,1.0955227851867675,0.003092009309806057,5,1.1992985486984253,0.005629346766319128,5,1.120442533493042,0.0038613162280287114,5,1.1173417568206787,0.0038980779009760483,5,1.206954264640808,0.006406016361379389,5,0.0,0.0,5,0.06772632064845457,0.021231886441224358,5,0.0773976032435894,0.020030312260598426,5,0.06511661056160709,0.024480542281315673,5,0.07959378887766166,0.021302339707471727,5
noise_resilience,dendritic_shunting,valid,population_0,approx_direct_code_per_soma,1.0,1.2106132984161377,0.0073707448272788325,5,1.2112427473068237,0.007559501353674493,5,1.4979081630706788,0.0174936561195215,5,1.2812736988067628,0.010515419969826831,5,1.265917992591858,0.010004575658002274,5,1.5220536947250367,0.020288510097845748,5,0.0,0.0,5,0.06689788958833986,0.02131053725434468,5,0.07695556201040746,0.020187956013199712,5,0.06459802475314126,0.025029795276131757,5,0.0729590788730956,0.019277572399573548,5
noise_resilience,dendritic_shunting,valid,population_0,approx_direct_code_per_soma,2.0,1.6820712327957152,0.04040004760355355,5,1.535820770263672,0.024307815976099656,5,2.9871389865875244,0.13652945217576185,5,1.9101120471954345,0.05877286314420258,5,1.7248959302902223,0.03712332282550346,5,3.190492582321167,0.1745278897064807,5,9.1552734375e-05,5.580421004611127e-05,5,0.06325524384935063,0.021769886712838155,5,0.07501188836991787,0.020594172119815943,5,0.060375825747602196,0.026692985152733228,5,0.054071201465179186,0.014872521252163203,5
noise_resilience,dendritic_shunting,valid,population_0,approx_direct_code_per_soma,4.0,7.900198268890381,0.39281108445224033,5,3.318186044692993,0.227101721847712,5,20.0,0.0,5,10.226248931884765,0.5556448206898904,5,6.378999996185303,1.0176077450310417,5,20.000001907348633,0.0,5,0.27628631591796876,0.022868132773188696,5,0.044427032216017945,0.01773487355059756,5,0.06496537238359451,0.020614731280515552,5,0.03136199711577085,0.022839519078251755,5,0.010137805210317685,0.0032806286490990404,5
noise_resilience,dendritic_shunting,valid,population_0,approx_direct_code_per_soma,8.0,13.855529403686523,0.1338912407665738,5,20.0,0.0,5,20.0,0.0,5,18.189762115478516,0.16782018583532396,5,20.0,0.0,5,20.000001907348633,0.0,5,0.6552291870117187,0.008729926816283744,5,0.06387106010911474,0.021539840077265105,5,0.07534048080444336,0.021111928708952135,5,0.055375786962379304,0.028325180747022925,5,0.005760280391167829,0.0014151633579675145,5
noise_resilience,dendritic_shunting,valid,population_0,exact_soma_blockwise_per_soma,0.0,1.0,0.0,5,1.0,0.0,5,1.0,0.0,5,0.9999999880790711,2.6656007503154977e-08,5,1.0,0.0,5,1.0,0.0,5,0.0,0.0,5,0.17806384811790815,0.04378756292069614,5,0.19757010877132414,0.03221198279897282,5,0.17556704077497007,0.042833811825969945,5,3.737768575528521,2.4744199495642563,5
noise_resilience,dendritic_shunting,valid,population_0,exact_soma_blockwise_per_soma,0.25,1.0421444416046142,0.0011933662033691602,5,1.0455825328826904,0.0014083182369317305,5,1.090614342689514,0.0023310349879995113,5,1.0562905311584472,0.0016903332136030855,5,1.0554168224334717,0.0017391471667805491,5,1.0937676191329957,0.0026344122250163598,5,0.0,0.0,5,0.17845302651555414,0.04391449060028156,5,0.19777776986360548,0.032272658529049855,5,0.17629933196174424,0.04347202839148717,5,3.6152861404094074,2.38535502701558,5
noise_resilience,dendritic_shunting,valid,population_0,exact_soma_blockwise_per_soma,0.5,1.0901766538619995,0.002720178810237367,5,1.0955227851867675,0.003092009309806057,5,1.1992985486984253,0.005629346766319128,5,1.120442533493042,0.0038613162280287114,5,1.1173417568206787,0.0038980779009760483,5,1.206954264640808,0.006406016361379389,5,0.0,0.0,5,0.17882337754703612,0.044044324682712827,5,0.19797538489103317,0.03233155151665384,5,0.17694814386581298,0.04413420486262518,5,3.483418943838604,2.2894205191893167,5
noise_resilience,dendritic_shunting,valid,population_0,exact_soma_blockwise_per_soma,1.0,1.2106132984161377,0.0073707448272788325,5,1.2112427473068237,0.007559501353674493,5,1.4979081630706788,0.0174936561195215,5,1.2812736988067628,0.010515419969826831,5,1.265917992591858,0.010004575658002274,5,1.5220536947250367,0.020288510097845748,5,0.0,0.0,5,0.17942452229589106,0.04433646574585587,5,0.19829614877700805,0.03244272664639108,5,0.17782840308905154,0.04557077804511889,5,3.18550665097703,2.073446466331644,5
noise_resilience,dendritic_shunting,valid,population_0,exact_soma_blockwise_per_soma,2.0,1.6820712327957152,0.04040004760355355,5,1.535820770263672,0.024307815976099656,5,2.9871389865875244,0.13652945217576185,5,1.9101120471954345,0.05877286314420258,5,1.7248959302902223,0.03712332282550346,5,3.190492582321167,0.1745278897064807,5,9.1552734375e-05,5.580421004611127e-05,5,0.17691936163360852,0.04623224017564976,5,0.19695942401885985,0.03255592302714682,5,0.1728594120523425,0.051020585189554504,5,2.344518476163843,1.5106868070658115,5
noise_resilience,dendritic_shunting,valid,population_0,exact_soma_blockwise_per_soma,4.0,7.900198268890381,0.39281108445224033,5,3.318186044692993,0.227101721847712,5,20.0,0.0,5,10.226248931884765,0.5556448206898904,5,6.378999996185303,1.0176077450310417,5,20.000001907348633,0.0,5,0.27628631591796876,0.022868132773188696,5,0.16226955785266908,0.04468288931554573,5,0.18914245814085007,0.03311649675058874,5,0.13809394605702946,0.05502981475847985,5,0.4178785782022847,0.23287919477913446,5
noise_resilience,dendritic_shunting,valid,population_0,exact_soma_blockwise_per_soma,8.0,13.855529403686523,0.1338912407665738,5,20.0,0.0,5,20.0,0.0,5,18.189762115478516,0.16782018583532396,5,20.0,0.0,5,20.000001907348633,0.0,5,0.6552291870117187,0.008729926816283744,5,0.17565437419718483,0.045555623938756125,5,0.19628444135189055,0.03290493707030493,5,0.1517061090277127,0.05630973161729996,5,0.25034301871136416,0.15548206386802924,5
noise_resilience,dendritic_shunting,valid,population_1,approx_direct_code_per_soma,0.0,1.0,0.0,5,1.0,0.0,5,1.0,0.0,5,1.0,0.0,5,1.0,0.0,5,1.0,0.0,5,0.0,0.0,5,0.07411353170636643,0.06417397594537262,5,0.06631718249991536,0.052877046606589165,5,0.005133338044815284,0.005208342142967586,5,0.29107050504724485,0.19791562744634844,5
noise_resilience,dendritic_shunting,valid,population_1,approx_direct_code_per_soma,0.25,1.0,0.0,5,1.0,0.0,5,1.0,0.0,5,1.0,0.0,5,1.0,0.0,5,1.0,0.0,5,0.0,0.0,5,0.07411353170636643,0.06417397594537262,5,0.06631718249991536,0.052877046606589165,5,0.005133338044815284,0.005208342142967586,5,0.29107050504724485,0.19791562744634844,5
noise_resilience,dendritic_shunting,valid,population_1,approx_direct_code_per_soma,0.5,1.0,0.0,5,1.0,0.0,5,1.0,0.0,5,1.0,0.0,5,1.0,0.0,5,1.0,0.0,5,0.0,0.0,5,0.07411353170636643,0.06417397594537262,5,0.06631718249991536,0.052877046606589165,5,0.005133338044815284,0.005208342142967586,5,0.29107050504724485,0.19791562744634844,5
noise_resilience,dendritic_shunting,valid,population_1,approx_direct_code_per_soma,1.0,1.0,0.0,5,1.0,0.0,5,1.0,0.0,5,1.0,0.0,5,1.0,0.0,5,1.0,0.0,5,0.0,0.0,5,0.07411353170636643,0.06417397594537262,5,0.06631718249991536,0.052877046606589165,5,0.005133338044815284,0.005208342142967586,5,0.29107050504724485,0.19791562744634844,5
noise_resilience,dendritic_shunting,valid,population_1,approx_direct_code_per_soma,2.0,1.0,0.0,5,1.0,0.0,5,1.0,0.0,5,1.0,0.0,5,1.0,0.0,5,1.0,0.0,5,0.0,0.0,5,0.07411353170636643,0.06417397594537262,5,0.06631718249991536,0.052877046606589165,5,0.005133338044815284,0.005208342142967586,5,0.29107050504724485,0.19791562744634844,5
noise_resilience,dendritic_shunting,valid,population_1,approx_direct_code_per_soma,4.0,1.0,0.0,5,1.0,0.0,5,1.0,0.0,5,1.0,0.0,5,1.0,0.0,5,1.0,0.0,5,0.0,0.0,5,0.07411353170636643,0.06417397594537262,5,0.06631718249991536,0.052877046606589165,5,0.005133338044815284,0.005208342142967586,5,0.29107050504724485,0.19791562744634844,5
noise_resilience,dendritic_shunting,valid,population_1,approx_direct_code_per_soma,8.0,1.0,0.0,5,1.0,0.0,5,1.0,0.0,5,1.0,0.0,5,1.0,0.0,5,1.0,0.0,5,0.0,0.0,5,0.07411353170636643,0.06417397594537262,5,0.06631718249991536,0.052877046606589165,5,0.005133338044815284,0.005208342142967586,5,0.29107050504724485,0.19791562744634844,5
noise_resilience,dendritic_shunting,valid,population_1,exact_soma_blockwise_per_soma,0.0,1.0,0.0,5,1.0,0.0,5,1.0,0.0,5,1.0,0.0,5,1.0,0.0,5,1.0,0.0,5,0.0,0.0,5,0.7730609125303991,0.08811776407427206,5,0.7955697099367777,0.06940874362830006,5,0.12543282141051346,0.06762455127600975,5,4.686971893957486,3.1626911997401623,5
noise_resilience,dendritic_shunting,valid,population_1,exact_soma_blockwise_per_soma,0.25,1.0,0.0,5,1.0,0.0,5,1.0,0.0,5,1.0,0.0,5,1.0,0.0,5,1.0,0.0,5,0.0,0.0,5,0.7730609125303991,0.08811776407427206,5,0.7955697099367777,0.06940874362830006,5,0.12543282141051346,0.06762455127600975,5,4.686971893957486,3.1626911997401623,5
noise_resilience,dendritic_shunting,valid,population_1,exact_soma_blockwise_per_soma,0.5,1.0,0.0,5,1.0,0.0,5,1.0,0.0,5,1.0,0.0,5,1.0,0.0,5,1.0,0.0,5,0.0,0.0,5,0.7730609125303991,0.08811776407427206,5,0.7955697099367777,0.06940874362830006,5,0.12543282141051346,0.06762455127600975,5,4.686971893957486,3.1626911997401623,5
noise_resilience,dendritic_shunting,valid,population_1,exact_soma_blockwise_per_soma,1.0,1.0,0.0,5,1.0,0.0,5,1.0,0.0,5,1.0,0.0,5,1.0,0.0,5,1.0,0.0,5,0.0,0.0,5,0.7730609125303991,0.08811776407427206,5,0.7955697099367777,0.06940874362830006,5,0.12543282141051346,0.06762455127600975,5,4.686971893957486,3.1626911997401623,5
noise_resilience,dendritic_shunting,valid,population_1,exact_soma_blockwise_per_soma,2.0,1.0,0.0,5,1.0,0.0,5,1.0,0.0,5,1.0,0.0,5,1.0,0.0,5,1.0,0.0,5,0.0,0.0,5,0.7730609125303991,0.08811776407427206,5,0.7955697099367777,0.06940874362830006,5,0.12543282141051346,0.06762455127600975,5,4.686971893957486,3.1626911997401623,5
noise_resilience,dendritic_shunting,valid,population_1,exact_soma_blockwise_per_soma,4.0,1.0,0.0,5,1.0,0.0,5,1.0,0.0,5,1.0,0.0,5,1.0,0.0,5,1.0,0.0,5,0.0,0.0,5,0.7730609125303991,0.08811776407427206,5,0.7955697099367777,0.06940874362830006,5,0.12543282141051346,0.06762455127600975,5,4.686971893957486,3.1626911997401623,5
noise_resilience,dendritic_shunting,valid,population_1,exact_soma_blockwise_per_soma,8.0,1.0,0.0,5,1.0,0.0,5,1.0,0.0,5,1.0,0.0,5,1.0,0.0,5,1.0,0.0,5,0.0,0.0,5,0.7730609125303991,0.08811776407427206,5,0.7955697099367777,0.06940874362830006,5,0.12543282141051346,0.06762455127600975,5,4.686971893957486,3.1626911997401623,5
