root_id,n_segments,n_e_segments,n_i_segments,mapping_pass_fraction,credit_kernel_participation_rank,max_topological_depth,wiring_nonzeros,morphology_wiring_density,capture_dense_oracle,capture_depth_bins,capture_morphology_paths,capture_random_paths,capture_shuffled_ancestry,residual_dense_oracle,residual_depth_bins,residual_morphology_paths,residual_random_paths,residual_shuffled_ancestry,morphology_capture_fraction_of_dense,morphology_minus_random_capture,morphology_minus_depth_capture,morphology_minus_shuffled_capture,focal_shunt_localization,matched_additive_localization,shunt_minus_additive,n_focal_sites,shunt_depth_shuffled_localization,shunt_topology_minus_depth_shuffle,nucleus_id,source_root_id,cell_type
864691134941194851,101,50,74,0.9806241426611796,11.010148619266408,8,29.0,0.0725,0.7588911175829326,0.28848907916643884,0.6731665406578464,0.26902629656236166,0.20938517902596634,0.4910102510884153,0.8435027510095912,0.5716656195495715,0.8549458213473246,0.8891460474743493,0.8870396886471423,0.40414024409548477,0.3846774614914076,0.4637813616318801,0.1751378551342641,0.011276294204041014,0.16386156093022305,14.0,0.012013938017383676,0.1631239171168804,294539,864691136914414321,L2IT
864691135082534135,106,19,64,0.985563041385948,4.698389438955863,9,10.0,0.06578947368421052,0.9584464523859502,0.6292507690794114,0.9332580742397122,0.20454327858419527,0.3858868549701394,0.20376481837553687,0.6088363463218915,0.25826204528646435,0.8917937374996873,0.783365079053929,0.9737195770472787,0.7287147956555169,0.30400730516030083,0.5473712192695728,0.296899535815741,0.0557184073752897,0.2411811284404513,1.0,,,221058,864691135938777092,L2IT
864691135334986985,106,48,77,0.981442484864438,15.59068248086306,10,18.0,0.046875,0.6284421004193195,0.25145850481406595,0.5169102955481271,0.20762475397620267,0.2039676751759553,0.6095378704591381,0.8651773199853781,0.6950267003232675,0.8901398921867045,0.892194109455897,0.8225265226553499,0.3092855415719244,0.2654517907340611,0.3129426203721718,0.16621636482429847,0.010397692712242623,0.15581867211205586,14.0,-0.017516764650465214,0.1837331294747637,256606,864691135577749022,L2IT
864691135342193329,27,20,25,0.9816971713810316,11.106941826899591,3,13.0,0.08125,0.777158143722821,0.5533344213118724,0.6275773873604129,0.4624192464791858,0.38950037818102845,0.47202561631169965,0.6683076756574776,0.6101866921720069,0.733157156463272,0.7813127826661723,0.8075285479916979,0.1651581408812271,0.07424296604854053,0.23807700917938446,0.10230389085697505,0.019832382111741532,0.08247150874523353,3.0,-0.011686637904632853,0.11399052876160791,262847,864691135441883720,L4IT
864691135367232761,45,26,35,0.9888475836431226,4.227062702568687,6,23.0,0.11057692307692307,0.9186865862830983,0.3446240360145515,0.8647819828712151,0.4874657582426076,0.36767473248963706,0.28508701207140025,0.8095402116218346,0.367612449477884,0.7158189285651946,0.79509430452281,0.9413242729166482,0.3773162246286075,0.5201579468566636,0.49710725038157805,0.2031169036486161,0.0351381618105822,0.16797874183803385,3.0,0.007895975529019734,0.19522092811959632,262777,864691136380816597,L4IT
864691135404231406,115,34,72,0.981675392670157,6.732328231790572,9,15.0,0.05514705882352941,0.8516402810984269,0.3444336478207578,0.7481521451819592,0.2666417646946843,0.2911631560553463,0.385151024112621,0.809636280859554,0.5017688666825271,0.8562666794636378,0.8418523156857141,0.8784837469371564,0.48151038048727485,0.40371849736120136,0.45698898912661284,0.16653276785797372,0.011298113927274448,0.15523465393069927,8.0,0.07034535934878075,0.09618740850919295,256609,864691137198691137,L2IT
864691135404277230,92,30,62,0.9835509581142954,3.645986154360152,8,39.0,0.1625,0.8822003041898732,0.45535181766735133,0.8183432952817007,0.26728693798522307,0.374158986414448,0.3431784013669804,0.7379828013581626,0.4261331751465377,0.8557742567166706,0.7909860642143477,0.9276162016665677,0.5510563572964776,0.36299147761434936,0.4441843088672527,0.15005687159463904,0.01029647234370812,0.13976039925093092,5.0,0.03844940049772986,0.11160747109690919,256530,864691135732318393,L2IT
864691135416557754,111,16,63,0.9801578354002256,2.18847274278667,11,16.0,0.125,0.9887270570120006,0.8465848032647043,0.9110603275526961,0.4449523789736246,0.5843816986694744,0.10612955629822848,0.3915723020396548,0.2981386833176426,0.744355370924303,0.6443437225918566,0.9214477555676299,0.46610794857907145,0.06447552428799175,0.32667862888322163,0.13459929866548817,0.0016274375764865998,0.13297186108900158,3.0,0.13459929866548817,0.0,221105,864691136138892669,L2IT
864691135455195242,105,21,53,0.9878552343939762,4.885868020935658,9,17.0,0.10119047619047619,0.9814323171346242,0.627799483925674,0.9211070790546575,0.3720526848377373,0.42854425645010225,0.13623061268916006,0.6100628638707453,0.2808104273362086,0.7922998703849958,0.7558178588923894,0.9385334709008856,0.5490543942169201,0.2933075951289835,0.49256282260455525,0.1370753499347833,0.0060831757001772,0.1309921742346061,3.0,-0.0011704644297330332,0.13824581436451636,255213,864691135375745736,L2IT
864691135468547212,117,33,64,0.9839319470699432,11.216803168322649,10,12.0,0.045454545454545456,0.7609474018345385,0.3576599805392749,0.6096958939997451,0.2191206283894004,0.24705548643990327,0.48889314166198555,0.8014434245356015,0.6247010687946545,0.8836304886412784,0.8677045668892409,0.801232637801053,0.3905752656103447,0.2520359134604702,0.36264040755984184,0.23094087014270573,0.006798048681468733,0.224142821461237,3.0,0.05194859437714417,0.17899227576556154,256313,864691135499767059,L2IT
864691135495249040,104,37,63,0.9880281690140844,9.80168220611694,8,15.0,0.05067567567567568,0.7830453311901574,0.29837699417661073,0.6888705844787837,0.2370039620037025,0.23999045282626064,0.46571813579370314,0.8376174310976492,0.5577363417050061,0.8734818381778883,0.8717656341840184,0.8797327013389675,0.4518666224750812,0.39049359030217295,0.44888013165252305,0.16633316356982034,0.02131706190147707,0.14501610166834325,3.0,0.057947078451097506,0.10838608511872283,256280,864691135938775556,L2IT
864691135502788957,124,38,61,0.9823518127757528,9.406680039742438,13,9.0,0.029605263157894735,0.8158233094920473,0.2506832840083365,0.7651584095919761,0.1691619374898288,0.20271985132601214,0.4291247234781085,0.8656225381115901,0.48455006629241915,0.9114778986932922,0.892884253228725,0.9378972146167085,0.5959964721021473,0.5144751255836396,0.562438558265964,0.15028605131656536,0.07324275428174945,0.07704329703481591,2.0,-3.3398847923415964e-16,0.1502860513165657,222898,864691136211425724,L2IT
864691135516884435,98,24,47,0.9912905779889152,3.099506037002465,9,18.0,0.09375,0.9684782760463552,0.33055617883281235,0.9530865532300098,0.3194727918628592,0.36861781388631804,0.17748029523225148,0.8181879886515253,0.21651217392713917,0.8247550808198261,0.7944392707958076,0.9841073122680878,0.6336137613671506,0.6225303743971975,0.5844687393436918,0.0202290229851409,0.0007079410176592,0.019521081967481698,1.0,,,256386,864691135516884435,L2IT
864691135572379429,101,42,53,0.9814449269640744,7.302197982580194,9,17.0,0.050595238095238096,0.84128097608492,0.32401389106794537,0.7394977668334328,0.2601484093123533,0.2400568016117255,0.3983299803350029,0.8221770278163906,0.5103447177274222,0.8600464763228641,0.8717343453441634,0.8790140129815404,0.47934935752107954,0.41548387576548745,0.49944096522170733,0.12487745278205405,0.008732673970785974,0.11614477881126808,4.0,0.04218734243525185,0.0826901103468022,256521,864691135398805281,L2IT
864691135573814980,111,46,77,0.9824236817761332,10.472102480383622,12,14.0,0.03804347826086957,0.7627868278348562,0.29831889762243347,0.6763816409321001,0.1974302779696841,0.19654046273544976,0.4870189907325785,0.8376616653425163,0.5688311779251809,0.895822604271886,0.8963284492061636,0.8867243327365599,0.47895136296241597,0.3780627433096666,0.4798411781966503,0.1471364946450037,0.013091507598870648,0.13404498704613305,13.0,0.03428582439216099,0.1128506702528427,258345,864691135573814980,L2IT
864691135658994050,97,42,62,0.977866779089376,13.049475735625212,8,14.0,0.041666666666666664,0.7273643350373369,0.31326090045675664,0.6172256782369655,0.2058218220554456,0.20252788538144467,0.5221252771007528,0.8286878572392966,0.6186665289352659,0.8911462448472701,0.8929921143410059,0.8485784200641103,0.41140385618151987,0.30396477778020886,0.41469779285552083,0.11282431213425266,0.010484810759063256,0.1023395013751894,11.0,0.004475532136533858,0.1083487799977188,294510,864691135274038801,L3IT
864691135687601120,118,36,70,0.9789944903581268,12.182939470212109,9,16.0,0.05555555555555555,0.7131567565016221,0.2790522764206341,0.580795339572966,0.2365392166741362,0.22623625933400987,0.535548216474387,0.8490776524793564,0.6474211548585794,0.8737394899141868,0.8796171222630764,0.814400668966592,0.34425612289882984,0.3017430631523319,0.35455908023895616,0.18453237801703495,0.0196113308710462,0.16492104714598876,3.0,0.02411554638168953,0.16041683163534545,255252,864691136238610447,L2IT
864691135716106266,50,30,40,0.984517766497462,12.69137136466138,5,11.0,0.04583333333333333,0.720489006316656,0.3353418658236942,0.5666145695971948,0.2906785909566774,0.2600115129832924,0.5286634331490403,0.8152522531513441,0.6582738219903546,0.8421876151507514,0.8602028970137565,0.7864305556775794,0.2759359786405174,0.23127270377350062,0.3066030566139024,0.04067691722244832,0.0083437123741513,0.03233320484829702,5.0,0.003236879971595802,0.03744003725085252,263031,864691136288301507,L4IT
864691135716174106,104,30,62,0.9838387869114126,8.338468672204735,9,14.0,0.058333333333333334,0.7967957886234528,0.4512510011087004,0.7081447725206355,0.2698883749713396,0.31469869096588204,0.4507376050986764,0.7407526004730529,0.5401746039890305,0.8544122138974292,0.8277631563761464,0.8887406066038939,0.43825639754929585,0.25689377141193503,0.3934460815547534,0.16833047764376546,0.01033454401612118,0.15799593362764427,5.0,0.047459677829785676,0.12087079981397979,222828,864691135387916629,L2IT
864691135740320660,109,25,54,0.9859566998244588,4.943436961165847,10,9.0,0.045,0.9332923049879973,0.5125132123915661,0.8152595868086255,0.21364687367366236,0.3136314503695347,0.25820123083784063,0.698168737183203,0.4296820455689784,0.8866300632881401,0.8283679318487277,0.873530813927701,0.6016127131349631,0.3027463744170594,0.5016281364390909,0.08612866688434359,0.0024923127864487,0.0836363540978949,2.0,-0.01959854904637841,0.10572721593072201,221009,864691136421187991,L2IT
864691135762339894,58,28,45,0.974937343358396,10.093954692793806,7,16.0,0.07142857142857142,0.778665053521395,0.37238297460008096,0.7027315374419996,0.32509858455131524,0.2907341457764504,0.47043915902345024,0.7922023185024922,0.5451929252356547,0.8214513114798139,0.8421230601407854,0.9024824399965073,0.3776329528906843,0.3303485628419186,0.41199739166554916,0.21823652391567233,0.024228734092514158,0.19400778982315814,5.0,-0.011062475000391814,0.2292989989160641,260666,864691135447718228,L3IT
864691135856802606,55,27,42,0.9706507868991918,9.578527831459322,8,21.0,0.09722222222222222,0.8158975768286428,0.35807703576856087,0.7687956110685822,0.3265619832061929,0.33968480772300264,0.42902660290539074,0.8011803610449997,0.48078296829821865,0.8205864485067422,0.8125728214265979,0.9422697565261269,0.4422336278623893,0.4107185753000213,0.42911080334557955,0.1211410789035617,0.004085087588917384,0.11705599131464432,6.0,0.06138943371824754,0.05975164518531415,263003,864691135106556749,L4IT
864691135856845358,81,35,61,0.9748427672955976,13.14808309899598,9,12.0,0.04285714285714286,0.7024000006108626,0.2994409402649278,0.6027752307396155,0.23798621786761592,0.23794165674571902,0.5454923876515146,0.8369796495041578,0.6302104680425554,0.8729098484893154,0.8729257375551635,0.8581651910811424,0.36478901287199955,0.3033342904746877,0.3648335739938965,0.14867881194760965,0.007502859145398328,0.14117595280221132,7.0,0.06291582541872995,0.08576298652887972,294583,864691135743102827,L2IT
864691135867632406,108,39,62,0.983168761220826,8.803168188818088,12,28.0,0.08974358974358974,0.7563040625941694,0.2744162335186708,0.5843559337341147,0.2679985210931861,0.24883056248530216,0.493606664312526,0.8518042421551464,0.644629988736325,0.8555178041328005,0.8666906390524911,0.7726468263699893,0.31635741264092854,0.30993970021544387,0.3355253712488125,0.16118361546258558,0.01554726198321565,0.14563635347936996,10.0,0.017218906608525156,0.14396470885406046,222924,864691135640138299,L2IT
864691135919106224,120,14,49,0.987401185770751,4.834266303205381,8,14.0,0.125,0.9919354459300674,0.6789381751295017,0.955940453144293,0.3206469792355422,0.5911652188721567,0.08975959292376258,0.5665207263288907,0.20980586956965533,0.8240810938550126,0.639202214287395,0.963712363608476,0.6352934739087508,0.27700227801479127,0.3647752342721363,0.26269879132897844,0.000740443597667,0.26195834773131144,2.0,0.2621621206769375,0.0005366706520409312,255199,864691135861202536,L2IT
864691135938349828,120,29,65,0.976401179941003,10.0194618408122,11,12.0,0.05172413793103448,0.7660271377035828,0.43085542099832574,0.6263969763295061,0.24307586973731313,0.29156270743349444,0.48366004749002167,0.7544017225107554,0.6111817065468792,0.869972015660158,0.841642860787305,0.8177216517515765,0.383321106592193,0.19554155533118034,0.33483426889601164,0.1161274582897091,0.00252636351799705,0.11360109477171204,2.0,0.1159521049828847,0.00017535330682439884,255117,864691135741458324,L2IT
864691135947212897,95,34,59,0.982968881412952,10.721572831103238,11,32.0,0.11764705882352941,0.7582507264947542,0.4062978789710129,0.6058849434999019,0.24668677344858564,0.2850427095207312,0.49165756559076934,0.7705117482682616,0.6277624735385587,0.8679189178973845,0.8455207176905819,0.7990561991292645,0.3591981700513162,0.19958706452888897,0.32084223397917067,0.1299550171277154,0.004462624978018413,0.12549239214969699,8.0,0.03783689884740317,0.09211811828031224,256610,864691135928366606,L2IT
864691135952698659,81,17,47,0.9898305084745764,1.8778091928210168,8,17.0,0.125,0.9627099599323452,0.6865943584259553,0.9276659192435076,0.4682982326757095,0.5743130933245286,0.1930514230619556,0.5598175318298904,0.26886752442521,0.7285056771138139,0.6521152346710019,0.9635985476962341,0.4593676865677981,0.24107156081755232,0.353352825918979,0.20849690514166952,0.012514987614376765,0.19598191752729274,3.0,0.14525281454002478,0.06324409060164475,256498,864691136336208307,L2IT
864691135992368833,96,19,45,0.9864116758933064,2.6164940587214898,9,11.0,0.07236842105263158,0.9886708991525603,0.6614782295947775,0.9804957703804063,0.40135043775808976,0.450560541854138,0.10641231666487634,0.5816881383413006,0.13963440949870978,0.7733354363986329,0.7408257397360711,0.9917311930803654,0.5791453326223165,0.3190175407856287,0.5299352285262682,0.042701360490257,0.0004400755505648,0.0422612849396922,1.0,,,221045,864691135992368833,L2IT
864691136024229689,73,28,53,0.9883233532934133,13.84571484626654,8,14.0,0.0625,0.6979824716786625,0.39732814215309925,0.497303516794946,0.2723785522137379,0.3010445924330073,0.5495186243807979,0.7763072518597955,0.7089844599193691,0.8529884920227074,0.8360157040362045,0.7124871138940218,0.2249249645812081,0.09997537464184675,0.1962589243619387,0.20862916354976152,0.00472508383157355,0.20390407971818797,4.0,-0.07308022108170062,0.2817093846314621,256503,864691136390766608,L2IT
864691136066506392,39,22,30,0.9877887788778876,8.682280682095831,4,10.0,0.056818181818181816,0.7869558409404881,0.4398498229976922,0.7347566774509448,0.42119152293499756,0.3427584068736344,0.46151438490231894,0.7484187288988172,0.5149399837235424,0.760736128962755,0.8106461804840557,0.9336695138736625,0.3135651545159472,0.29490685445325254,0.39199827057731035,0.0159326573244664,0.0012078812869401,0.0147247760375263,2.0,-3.918306651362613e-16,0.015932657324466793,260673,864691136927514442,L4IT
864691136066697624,81,38,50,0.978364779874214,9.618432536984804,10,20.0,0.06578947368421052,0.8137767462795787,0.26347117577791745,0.7893379667067404,0.34406491729982147,0.2624381226310218,0.4315034985506191,0.858206130427584,0.4589405279890274,0.8098622271484089,0.858802068192454,0.9699686926610186,0.4452730494069189,0.5258667909288229,0.5268998440757187,0.248199948549753,0.04506203231689292,0.20313791623286007,11.0,0.021420583367605273,0.2267793651821477,262925,864691135719900721,L4IT
864691136066733720,94,23,50,0.9879248658318426,9.557407114631983,10,11.0,0.059782608695652176,0.8348403946614058,0.4206034753378948,0.770352377010852,0.2707585524577298,0.33615075512001213,0.4063151109281563,0.7611705829681892,0.47915936246785557,0.8539207078247643,0.8147281840419888,0.9227540760330496,0.49959382455312223,0.3497489016729572,0.4342016218908399,0.09909775749877264,0.00481091387349515,0.09428684362527749,2.0,0.09844681011027019,0.0006509473885024514,255156,864691135325071004,L2IT
864691136100511093,122,28,67,0.9803921568627452,6.143520741648584,10,18.0,0.08035714285714286,0.8698976682628861,0.5083626395064107,0.809992449469872,0.2509364260306105,0.3751651566592669,0.36061547511665026,0.7011488921114447,0.435834762953767,0.8654037719919321,0.7903946333772346,0.9311353266268206,0.5590560234392615,0.30162980996346134,0.4348272928106051,0.19292273208833,0.02951217603953205,0.16341055604879795,4.0,0.0228201972585313,0.1701025348297987,291175,864691136674749575,L2IT
864691136109892792,50,28,43,0.982150446238844,9.43595574710968,4,42.0,0.1875,0.8367910628536871,0.3069301859237356,0.6282572407461569,0.329634321762866,0.329070870651918,0.4039438884733107,0.8324957494872963,0.6096586993098673,0.8187310707713651,0.819060278394869,0.7507934401254566,0.29862291898329085,0.32132705482242124,0.2991863700942389,0.101952919195062,0.009004628168094851,0.09294829102696717,2.0,1.1145598333150986e-16,0.10195291919506189,228527,864691136109892792,L4IT
864691136137737085,76,21,25,0.9803347280334728,4.467277084843368,9,15.0,0.08928571428571429,0.9612571214308163,0.5094099991974672,0.9450100443810683,0.42122160068057435,0.3889331201833717,0.19677568148462019,0.7003960713896802,0.23440930712226415,0.7605307239811185,0.7815739272296043,0.983098094476986,0.5237884437004939,0.43560004518360107,0.5560769241976966,0.0871239677329939,0.0069646125276035,0.0801593552053904,1.0,,,256459,864691135492613471,L2IT
864691136195348812,306,136,148,0.9916405433646812,9.108329895883609,22,133.0,0.12224264705882353,0.7538897398615946,0.28304535560649347,0.6222921642701185,0.19012267040673606,0.165640590773723,0.4960593654854911,0.8467133795152499,0.6145283996843925,0.8998907953394861,0.9134273200342038,0.8254418801141452,0.43216949386338244,0.339246808663625,0.45665157349639546,0.5117210649769278,0.022234521905466376,0.48948654307146144,16.0,0.07861200249303607,0.43310906248389175,267033,864691135431616048,L5ET
864691136275165965,41,22,31,0.983736059479554,4.076108110793578,6,11.0,0.0625,0.8807407378221269,0.47156785928916883,0.8292638422509266,0.5394627117456586,0.3629344959772761,0.345277231707971,0.7269136154735982,0.4130928037595156,0.6783820324885756,0.7980630079871794,0.9415527256085701,0.289801130505268,0.3576959829617578,0.4663293462736505,0.09141979078337424,0.007894649511668449,0.08352514127170578,6.0,0.0018361235771617243,0.08958366720621251,262910,864691136391027728,L4IT
864691136371808392,52,32,40,0.9864167345829936,11.25747276186232,5,12.0,0.046875,0.7773818132360552,0.36917295022401797,0.7329243060727373,0.3559951388695558,0.2630544511877032,0.4717808825952202,0.7942269268240929,0.5167293311070622,0.8024782039638311,0.8584277509256172,0.9428112332879877,0.3769291672031815,0.3637513558487193,0.4698698548850341,0.07830716016778203,0.013816376307056163,0.06449078386072586,8.0,-0.018977256259711528,0.09728441642749355,228537,864691135477476928,L4IT
864691136389026167,108,23,65,0.9869608826479438,7.882225836554868,10,13.0,0.07065217391304347,0.8797458708674404,0.5415936804778403,0.7832198017854266,0.2595493725896473,0.36871319549313814,0.3467055421428003,0.6770288526622859,0.4655473184309871,0.8604674369611341,0.7944826682151546,0.8902795997361853,0.5236704291957793,0.24162612130758632,0.41450660629228847,0.13015254989017755,0.002136865715822975,0.12801568417435458,4.0,0.005695063313070128,0.12445748657710742,222743,864691135480607430,L2IT
864691136419314071,99,20,49,0.9902237671084076,5.446257941586636,10,29.0,0.18125,0.9165096291551217,0.4297745460959481,0.8077249836126524,0.3072665158074483,0.41340981037864966,0.2889007661651213,0.7550714094108687,0.43844699328267067,0.832179139832585,0.7658220588854723,0.8813055072397312,0.5004584678052042,0.3779504375167043,0.3943151732340028,,,,,,,221169,864691136312164186,L2IT
864691136486753554,123,30,54,0.9858308286818376,5.374280729810444,12,12.0,0.05,0.888082162497794,0.493435126096446,0.8352258993180799,0.24482854169054255,0.2822300202629443,0.33448734479592346,0.7116576000944609,0.40585832351429285,0.8689678896694394,0.8470883160175873,0.940482687963181,0.5903973576275373,0.34179077322163387,0.5529958790551356,0.06140438009146536,0.00095482449690396,0.0604495555945614,5.0,-0.006189514466886456,0.06759389455835181,222814,864691135137299993,L2IT
864691136619341965,98,16,56,0.9825494786124708,5.717709655172249,9,10.0,0.078125,0.9284296347386493,0.8207724819146496,0.8783798502463711,0.20858705929672555,0.4672913644301908,0.2674660054507052,0.42331181995690714,0.34868868240658185,0.8895670242281144,0.7297575503302898,0.9460920002770409,0.6697927909496455,0.05760736833172153,0.4110884858161803,,,,,,,255146,864691136619341965,L2IT
864691136663284190,83,20,53,0.9801020408163266,4.911413556294445,10,11.0,0.06875,0.9353257330081094,0.6902351727991759,0.9077995551905179,0.2928613034747783,0.415069665634057,0.2542263108837133,0.5565581644567332,0.30356303111928284,0.840735174622154,0.7645378455388876,0.9705704902087273,0.6149382517157396,0.21756438239134201,0.4927298895564609,0.0496813756586843,0.000308463124974,0.0493729125337103,1.0,,,256512,864691135573191405,L2IT
864691136673975943,43,28,32,0.9789765965886552,9.293557407969262,6,13.0,0.05803571428571429,0.8264850175347778,0.30317506940225347,0.8031104358350939,0.40033498559346753,0.29456658907541783,0.41651814455845093,0.8347399346429215,0.44367599311692274,0.7743517434346605,0.8398436659298977,0.9717180817513122,0.40277545024162636,0.4999353664328404,0.5085438467596761,0.14913648087041922,0.01596971548095695,0.13316676538946226,6.0,0.0166526508502731,0.13248383002014613,264990,864691136288644291,L4IT
864691136953057759,117,47,91,0.9795758051846032,7.596881658556724,14,49.0,0.13031914893617022,0.7718304393232505,0.37776457219099074,0.7151057622389516,0.2235686678101049,0.25382187046159,0.47762941383603275,0.7888053114623315,0.5337202393487839,0.8811223987701121,0.8637949248293738,0.9265062969866339,0.49153709442884674,0.33734119004796087,0.4612838917773616,0.20352580331030298,0.010765684538356144,0.19276011877194682,10.0,0.0877607703532988,0.11576503295700417,258301,864691135493686111,L2IT
864691137197373249,96,20,43,0.9834187518842328,3.79068008195241,10,25.0,0.15625,0.9828961337789359,0.8194983559196356,0.9361319272626687,0.43079585542600674,0.5541637580673631,0.13075670340885562,0.4247854588207172,0.25265310047613015,0.7542932105576443,0.6675757315732342,0.9524220261845235,0.505336071836662,0.1166335713430331,0.38196816919530563,0.17884207023673762,0.002501557405947333,0.1763405128307903,3.0,0.17553292139403961,0.003309148842698025,255360,864691137197373249,L2IT
