run_dir,run_name,seed,dataset,network_type,split,analysis_scope,source_feedback,removal_fraction,parent_gain_ratio_mean,parent_gain_ratio_q50,parent_gain_ratio_q95,distal_path_gain_ratio_mean,distal_path_gain_ratio_q50,distal_path_gain_ratio_q95,parent_total_clipped_fraction,branch_numel_weighted_cosine,branch_macro_cosine,branch_concatenated_cosine,branch_local_target_norm_ratio
/n/holylabs/kempner_dev/Users/hsafaai/Code/dendritic-modeling/drafts/dendritic-local-learning/local_sweep_runs/gradient_fidelity_vs_ie_nonnegativeinput_fix_20260409164042/results/config_10,config_10,42,mnist,dendritic_shunting,train,all_populations,approx_direct_code_per_soma,0.0,1.0,1.0,1.0,1.0,1.0,1.0,0.0,0.11879873685627819,0.1955481767654419,0.09214828816734731,0.36220690806647665
/n/holylabs/kempner_dev/Users/hsafaai/Code/dendritic-modeling/drafts/dendritic-local-learning/local_sweep_runs/gradient_fidelity_vs_ie_nonnegativeinput_fix_20260409164042/results/config_10,config_10,42,mnist,dendritic_shunting,train,all_populations,exact_soma_blockwise_per_soma,0.0,1.0,1.0,1.0,1.0,1.0,1.0,0.0,0.5144695283312246,0.5843029618263245,0.4372980364363692,2.3534701810652363
/n/holylabs/kempner_dev/Users/hsafaai/Code/dendritic-modeling/drafts/dendritic-local-learning/local_sweep_runs/gradient_fidelity_vs_ie_nonnegativeinput_fix_20260409164042/results/config_10,config_10,42,mnist,dendritic_shunting,train,all_populations,approx_direct_code_per_soma,0.25,1.010735034942627,1.0,1.0635240077972412,1.0140438079833984,1.0,1.0695475339889526,0.0,0.1164409763357079,0.19429010301828384,0.08982927602735752,0.3582500036195724
/n/holylabs/kempner_dev/Users/hsafaai/Code/dendritic-modeling/drafts/dendritic-local-learning/local_sweep_runs/gradient_fidelity_vs_ie_nonnegativeinput_fix_20260409164042/results/config_10,config_10,42,mnist,dendritic_shunting,train,all_populations,exact_soma_blockwise_per_soma,0.25,1.010735034942627,1.0,1.0635240077972412,1.0140438079833984,1.0,1.0695475339889526,0.0,0.513945798132999,0.584023505449295,0.4370765028225141,2.327759857993749
/n/holylabs/kempner_dev/Users/hsafaai/Code/dendritic-modeling/drafts/dendritic-local-learning/local_sweep_runs/gradient_fidelity_vs_ie_nonnegativeinput_fix_20260409164042/results/config_10,config_10,42,mnist,dendritic_shunting,train,all_populations,approx_direct_code_per_soma,0.5,1.0228698253631592,1.0,1.1356661319732666,1.029903531074524,1.0,1.1494920253753662,0.0,0.11393478742633682,0.19295282959938048,0.08728472350192898,0.35387775540644567
/n/holylabs/kempner_dev/Users/hsafaai/Code/dendritic-modeling/drafts/dendritic-local-learning/local_sweep_runs/gradient_fidelity_vs_ie_nonnegativeinput_fix_20260409164042/results/config_10,config_10,42,mnist,dendritic_shunting,train,all_populations,exact_soma_blockwise_per_soma,0.5,1.0228698253631592,1.0,1.1356661319732666,1.029903531074524,1.0,1.1494920253753662,0.0,0.5133059391272495,0.5836820840835572,0.43671419730986716,2.2993508034874752
/n/holylabs/kempner_dev/Users/hsafaai/Code/dendritic-modeling/drafts/dendritic-local-learning/local_sweep_runs/gradient_fidelity_vs_ie_nonnegativeinput_fix_20260409164042/results/config_10,config_10,42,mnist,dendritic_shunting,train,all_populations,approx_direct_code_per_soma,1.0,1.0529429912567139,1.0,1.3139207363128662,1.0691276788711548,1.0,1.3515359163284302,0.0,0.1084310376359172,0.19001609236001968,0.08140453389994659,0.3435925425117055
/n/holylabs/kempner_dev/Users/hsafaai/Code/dendritic-modeling/drafts/dendritic-local-learning/local_sweep_runs/gradient_fidelity_vs_ie_nonnegativeinput_fix_20260409164042/results/config_10,config_10,42,mnist,dendritic_shunting,train,all_populations,exact_soma_blockwise_per_soma,1.0,1.0529429912567139,1.0,1.3139207363128662,1.0691276788711548,1.0,1.3515359163284302,0.0,0.5116135036232937,0.5827790200710297,0.4354415628559654,2.232521758224661
/n/holylabs/kempner_dev/Users/hsafaai/Code/dendritic-modeling/drafts/dendritic-local-learning/local_sweep_runs/gradient_fidelity_vs_ie_nonnegativeinput_fix_20260409164042/results/config_10,config_10,42,mnist,dendritic_shunting,train,all_populations,approx_direct_code_per_soma,2.0,1.177510142326355,1.0,1.9151151180267334,1.2284568548202515,1.0,2.0842113494873047,0.00037384033203125,0.09626880847600351,0.18352646753191948,0.06748393175467174,0.31132269223640063
/n/holylabs/kempner_dev/Users/hsafaai/Code/dendritic-modeling/drafts/dendritic-local-learning/local_sweep_runs/gradient_fidelity_vs_ie_nonnegativeinput_fix_20260409164042/results/config_10,config_10,42,mnist,dendritic_shunting,train,all_populations,exact_soma_blockwise_per_soma,2.0,1.177510142326355,1.0,1.9151151180267334,1.2284568548202515,1.0,2.0842113494873047,0.00037384033203125,0.5054768624438708,0.5795045793056488,0.42828491418496,2.022845662382692
/n/holylabs/kempner_dev/Users/hsafaai/Code/dendritic-modeling/drafts/dendritic-local-learning/local_sweep_runs/gradient_fidelity_vs_ie_nonnegativeinput_fix_20260409164042/results/config_10,config_10,42,mnist,dendritic_shunting,train,all_populations,approx_direct_code_per_soma,4.0,2.422029733657837,1.0,19.999998092651367,2.85068416595459,1.0,19.999998092651367,0.0507354736328125,0.03943785021029621,0.1532021254301071,-0.03574840413617909,0.13899318313729836
/n/holylabs/kempner_dev/Users/hsafaai/Code/dendritic-modeling/drafts/dendritic-local-learning/local_sweep_runs/gradient_fidelity_vs_ie_nonnegativeinput_fix_20260409164042/results/config_10,config_10,42,mnist,dendritic_shunting,train,all_populations,exact_soma_blockwise_per_soma,4.0,2.422029733657837,1.0,19.999998092651367,2.85068416595459,1.0,19.999998092651367,0.0507354736328125,0.44693040572314624,0.548264867067337,0.31924946606620813,0.903120025046388
/n/holylabs/kempner_dev/Users/hsafaai/Code/dendritic-modeling/drafts/dendritic-local-learning/local_sweep_runs/gradient_fidelity_vs_ie_nonnegativeinput_fix_20260409164042/results/config_10,config_10,42,mnist,dendritic_shunting,train,all_populations,approx_direct_code_per_soma,8.0,4.335334777832031,1.0,20.0,5.377068042755127,1.0,20.0,0.16832733154296875,0.025228419356137156,0.14562013745307922,-0.049749099122815436,0.042152565755344255
/n/holylabs/kempner_dev/Users/hsafaai/Code/dendritic-modeling/drafts/dendritic-local-learning/local_sweep_runs/gradient_fidelity_vs_ie_nonnegativeinput_fix_20260409164042/results/config_10,config_10,42,mnist,dendritic_shunting,train,all_populations,exact_soma_blockwise_per_soma,8.0,4.335334777832031,1.0,20.0,5.377068042755127,1.0,20.0,0.16832733154296875,0.39883083888734006,0.5225994944572449,0.23357290788707719,0.27388987993124375
/n/holylabs/kempner_dev/Users/hsafaai/Code/dendritic-modeling/drafts/dendritic-local-learning/local_sweep_runs/gradient_fidelity_vs_ie_nonnegativeinput_fix_20260409164042/results/config_10,config_10,42,mnist,dendritic_shunting,valid,all_populations,approx_direct_code_per_soma,0.0,1.0,1.0,1.0,1.0,1.0,1.0,0.0,0.13785217770542282,0.14473544508218766,0.17216845928032182,0.35759521672774364
/n/holylabs/kempner_dev/Users/hsafaai/Code/dendritic-modeling/drafts/dendritic-local-learning/local_sweep_runs/gradient_fidelity_vs_ie_nonnegativeinput_fix_20260409164042/results/config_10,config_10,42,mnist,dendritic_shunting,valid,all_populations,exact_soma_blockwise_per_soma,0.0,1.0,1.0,1.0,1.0,1.0,1.0,0.0,0.46603779078479785,0.5732694625854492,0.4410378271760712,2.396850611812553
/n/holylabs/kempner_dev/Users/hsafaai/Code/dendritic-modeling/drafts/dendritic-local-learning/local_sweep_runs/gradient_fidelity_vs_ie_nonnegativeinput_fix_20260409164042/results/config_10,config_10,42,mnist,dendritic_shunting,valid,all_populations,approx_direct_code_per_soma,0.25,1.0106666088104248,1.0,1.0633879899978638,1.0139174461364746,1.0,1.069467544555664,0.0,0.13759108895799554,0.14459613114595413,0.17180409995107718,0.3553439952332612
/n/holylabs/kempner_dev/Users/hsafaai/Code/dendritic-modeling/drafts/dendritic-local-learning/local_sweep_runs/gradient_fidelity_vs_ie_nonnegativeinput_fix_20260409164042/results/config_10,config_10,42,mnist,dendritic_shunting,valid,all_populations,exact_soma_blockwise_per_soma,0.25,1.0106666088104248,1.0,1.0633879899978638,1.0139174461364746,1.0,1.069467544555664,0.0,0.4661748531615117,0.5733425974845886,0.4406581836590976,2.3817613674268157
/n/holylabs/kempner_dev/Users/hsafaai/Code/dendritic-modeling/drafts/dendritic-local-learning/local_sweep_runs/gradient_fidelity_vs_ie_nonnegativeinput_fix_20260409164042/results/config_10,config_10,42,mnist,dendritic_shunting,valid,all_populations,approx_direct_code_per_soma,0.5,1.0227234363555908,1.0,1.1353559494018555,1.0296341180801392,1.0,1.1493070125579834,0.0,0.1372721257057798,0.14442593604326248,0.17137370318341616,0.35287321490137546
/n/holylabs/kempner_dev/Users/hsafaai/Code/dendritic-modeling/drafts/dendritic-local-learning/local_sweep_runs/gradient_fidelity_vs_ie_nonnegativeinput_fix_20260409164042/results/config_10,config_10,42,mnist,dendritic_shunting,valid,all_populations,exact_soma_blockwise_per_soma,0.5,1.0227234363555908,1.0,1.1353559494018555,1.0296341180801392,1.0,1.1493070125579834,0.0,0.46629681298457293,0.5734076738357544,0.44023815044463827,2.36520048776985
/n/holylabs/kempner_dev/Users/hsafaai/Code/dendritic-modeling/drafts/dendritic-local-learning/local_sweep_runs/gradient_fidelity_vs_ie_nonnegativeinput_fix_20260409164042/results/config_10,config_10,42,mnist,dendritic_shunting,valid,all_populations,approx_direct_code_per_soma,1.0,1.0525963306427002,1.0,1.313090443611145,1.0684934854507446,1.0,1.351024866104126,0.0,0.13639498793271435,0.14395790547132492,0.17025429264242053,0.34712782980065
/n/holylabs/kempner_dev/Users/hsafaai/Code/dendritic-modeling/drafts/dendritic-local-learning/local_sweep_runs/gradient_fidelity_vs_ie_nonnegativeinput_fix_20260409164042/results/config_10,config_10,42,mnist,dendritic_shunting,valid,all_populations,exact_soma_blockwise_per_soma,1.0,1.0525963306427002,1.0,1.313090443611145,1.0684934854507446,1.0,1.351024866104126,0.0,0.46647421213735146,0.5735023319721222,0.43926976077849805,2.3266909408027914
/n/holylabs/kempner_dev/Users/hsafaai/Code/dendritic-modeling/drafts/dendritic-local-learning/local_sweep_runs/gradient_fidelity_vs_ie_nonnegativeinput_fix_20260409164042/results/config_10,config_10,42,mnist,dendritic_shunting,valid,all_populations,approx_direct_code_per_soma,2.0,1.1765705347061157,1.0,1.9115914106369019,1.2270077466964722,1.0,2.0817818641662598,0.0003814697265625,0.13239565969938302,0.141823910176754,0.16590055421263705,0.33027355844823775
/n/holylabs/kempner_dev/Users/hsafaai/Code/dendritic-modeling/drafts/dendritic-local-learning/local_sweep_runs/gradient_fidelity_vs_ie_nonnegativeinput_fix_20260409164042/results/config_10,config_10,42,mnist,dendritic_shunting,valid,all_populations,exact_soma_blockwise_per_soma,2.0,1.1765705347061157,1.0,1.9115914106369019,1.2270077466964722,1.0,2.0817818641662598,0.0003814697265625,0.46634996235608106,0.5734360337257385,0.436846316816592,2.213721950410952
/n/holylabs/kempner_dev/Users/hsafaai/Code/dendritic-modeling/drafts/dendritic-local-learning/local_sweep_runs/gradient_fidelity_vs_ie_nonnegativeinput_fix_20260409164042/results/config_10,config_10,42,mnist,dendritic_shunting,valid,all_populations,approx_direct_code_per_soma,4.0,2.4186460971832275,1.0,19.999998092651367,2.838653326034546,1.0,19.999998092651367,0.05045318603515625,0.0900746753396266,0.11924192234873772,0.12130858878575862,0.21537635925353352
/n/holylabs/kempner_dev/Users/hsafaai/Code/dendritic-modeling/drafts/dendritic-local-learning/local_sweep_runs/gradient_fidelity_vs_ie_nonnegativeinput_fix_20260409164042/results/config_10,config_10,42,mnist,dendritic_shunting,valid,all_populations,exact_soma_blockwise_per_soma,4.0,2.4186460971832275,1.0,19.999998092651367,2.838653326034546,1.0,19.999998092651367,0.05045318603515625,0.40198312444040973,0.539090633392334,0.3850752652223811,1.443601408236458
/n/holylabs/kempner_dev/Users/hsafaai/Code/dendritic-modeling/drafts/dendritic-local-learning/local_sweep_runs/gradient_fidelity_vs_ie_nonnegativeinput_fix_20260409164042/results/config_10,config_10,42,mnist,dendritic_shunting,valid,all_populations,approx_direct_code_per_soma,8.0,4.3122148513793945,1.0,20.0,5.338833332061768,1.0,20.0,0.16701507568359375,0.06452974609169827,0.10561144351959229,0.06863482748175288,0.06600754717639187
/n/holylabs/kempner_dev/Users/hsafaai/Code/dendritic-modeling/drafts/dendritic-local-learning/local_sweep_runs/gradient_fidelity_vs_ie_nonnegativeinput_fix_20260409164042/results/config_10,config_10,42,mnist,dendritic_shunting,valid,all_populations,exact_soma_blockwise_per_soma,8.0,4.3122148513793945,1.0,20.0,5.338833332061768,1.0,20.0,0.16701507568359375,0.3339880208855131,0.5028092324733734,0.24949311405739286,0.4424282608747386
/n/holylabs/kempner_dev/Users/hsafaai/Code/dendritic-modeling/drafts/dendritic-local-learning/local_sweep_runs/gradient_fidelity_vs_ie_nonnegativeinput_fix_20260409164042/results/config_10,config_10,42,mnist,dendritic_shunting,test,all_populations,approx_direct_code_per_soma,0.0,1.0,1.0,1.0,1.0,1.0,1.0,0.0,0.13941513190706412,0.1775963842868805,0.20724923034219403,0.385650614679024
/n/holylabs/kempner_dev/Users/hsafaai/Code/dendritic-modeling/drafts/dendritic-local-learning/local_sweep_runs/gradient_fidelity_vs_ie_nonnegativeinput_fix_20260409164042/results/config_10,config_10,42,mnist,dendritic_shunting,test,all_populations,exact_soma_blockwise_per_soma,0.0,1.0,1.0,1.0,1.0,1.0,1.0,0.0,0.49460368957177575,0.5868129312992096,0.47399309431701236,2.2038390723236603
/n/holylabs/kempner_dev/Users/hsafaai/Code/dendritic-modeling/drafts/dendritic-local-learning/local_sweep_runs/gradient_fidelity_vs_ie_nonnegativeinput_fix_20260409164042/results/config_10,config_10,42,mnist,dendritic_shunting,test,all_populations,approx_direct_code_per_soma,0.25,1.0096685886383057,1.0,1.0602377653121948,1.012666940689087,1.0,1.0658338069915771,0.0,0.1401592049560699,0.17799341306090355,0.20793445306934652,0.3845791255852963
/n/holylabs/kempner_dev/Users/hsafaai/Code/dendritic-modeling/drafts/dendritic-local-learning/local_sweep_runs/gradient_fidelity_vs_ie_nonnegativeinput_fix_20260409164042/results/config_10,config_10,42,mnist,dendritic_shunting,test,all_populations,exact_soma_blockwise_per_soma,0.25,1.0096685886383057,1.0,1.0602377653121948,1.012666940689087,1.0,1.0658338069915771,0.0,0.49559173393059536,0.5873401403427124,0.47495223760484817,2.197715940555048
/n/holylabs/kempner_dev/Users/hsafaai/Code/dendritic-modeling/drafts/dendritic-local-learning/local_sweep_runs/gradient_fidelity_vs_ie_nonnegativeinput_fix_20260409164042/results/config_10,config_10,42,mnist,dendritic_shunting,test,all_populations,approx_direct_code_per_soma,0.5,1.0205566883087158,1.0,1.1281981468200684,1.0269190073013306,1.0,1.140946626663208,0.0,0.14099954840671494,0.17844181060791015,0.20869186577765841,0.38335585384015025
/n/holylabs/kempner_dev/Users/hsafaai/Code/dendritic-modeling/drafts/dendritic-local-learning/local_sweep_runs/gradient_fidelity_vs_ie_nonnegativeinput_fix_20260409164042/results/config_10,config_10,42,mnist,dendritic_shunting,test,all_populations,exact_soma_blockwise_per_soma,0.5,1.0205566883087158,1.0,1.1281981468200684,1.0269190073013306,1.0,1.140946626663208,0.0,0.49664448915724735,0.5879018783569336,0.4759642120874644,2.1907254316192173
/n/holylabs/kempner_dev/Users/hsafaai/Code/dendritic-modeling/drafts/dendritic-local-learning/local_sweep_runs/gradient_fidelity_vs_ie_nonnegativeinput_fix_20260409164042/results/config_10,config_10,42,mnist,dendritic_shunting,test,all_populations,approx_direct_code_per_soma,1.0,1.0473260879516602,1.0,1.2940990924835205,1.0618916749954224,1.0,1.3281440734863281,0.0,0.14305776144878798,0.17954004928469658,0.21049134953710866,0.3802906903097158
/n/holylabs/kempner_dev/Users/hsafaai/Code/dendritic-modeling/drafts/dendritic-local-learning/local_sweep_runs/gradient_fidelity_vs_ie_nonnegativeinput_fix_20260409164042/results/config_10,config_10,42,mnist,dendritic_shunting,test,all_populations,exact_soma_blockwise_per_soma,1.0,1.0473260879516602,1.0,1.2940990924835205,1.0618916749954224,1.0,1.3281440734863281,0.0,0.49895544795876007,0.5891349792480469,0.4781496493268137,2.1732092475543867
/n/holylabs/kempner_dev/Users/hsafaai/Code/dendritic-modeling/drafts/dendritic-local-learning/local_sweep_runs/gradient_fidelity_vs_ie_nonnegativeinput_fix_20260409164042/results/config_10,config_10,42,mnist,dendritic_shunting,test,all_populations,approx_direct_code_per_soma,2.0,1.1528449058532715,1.0,1.8332592248916626,1.1967052221298218,1.0,1.976828694343567,0.00028228759765625,0.15058357086789562,0.18355573415756227,0.21749708462522938,0.3691722517681581
/n/holylabs/kempner_dev/Users/hsafaai/Code/dendritic-modeling/drafts/dendritic-local-learning/local_sweep_runs/gradient_fidelity_vs_ie_nonnegativeinput_fix_20260409164042/results/config_10,config_10,42,mnist,dendritic_shunting,test,all_populations,exact_soma_blockwise_per_soma,2.0,1.1528449058532715,1.0,1.8332592248916626,1.1967052221298218,1.0,1.976828694343567,0.00028228759765625,0.5046418386721516,0.5921691715717315,0.48383302258785055,2.109671816655934
/n/holylabs/kempner_dev/Users/hsafaai/Code/dendritic-modeling/drafts/dendritic-local-learning/local_sweep_runs/gradient_fidelity_vs_ie_nonnegativeinput_fix_20260409164042/results/config_10,config_10,42,mnist,dendritic_shunting,test,all_populations,approx_direct_code_per_soma,4.0,2.249744415283203,1.0,10.994665145874023,2.628425359725952,1.0,19.999998092651367,0.04320526123046875,0.1803633882514984,0.19944590032100679,0.1958027602792108,0.16849499960800798
/n/holylabs/kempner_dev/Users/hsafaai/Code/dendritic-modeling/drafts/dendritic-local-learning/local_sweep_runs/gradient_fidelity_vs_ie_nonnegativeinput_fix_20260409164042/results/config_10,config_10,42,mnist,dendritic_shunting,test,all_populations,exact_soma_blockwise_per_soma,4.0,2.249744415283203,1.0,10.994665145874023,2.628425359725952,1.0,19.999998092651367,0.04320526123046875,0.4122776477460367,0.5428847074508667,0.34077528094136494,0.9628815552034052
/n/holylabs/kempner_dev/Users/hsafaai/Code/dendritic-modeling/drafts/dendritic-local-learning/local_sweep_runs/gradient_fidelity_vs_ie_nonnegativeinput_fix_20260409164042/results/config_10,config_10,42,mnist,dendritic_shunting,test,all_populations,approx_direct_code_per_soma,8.0,4.033596515655518,1.0,20.0,4.987325191497803,1.0,20.0,0.15218353271484375,0.12955160608329622,0.17233332097530366,0.13594737501456491,0.08952864109591842
/n/holylabs/kempner_dev/Users/hsafaai/Code/dendritic-modeling/drafts/dendritic-local-learning/local_sweep_runs/gradient_fidelity_vs_ie_nonnegativeinput_fix_20260409164042/results/config_10,config_10,42,mnist,dendritic_shunting,test,all_populations,exact_soma_blockwise_per_soma,8.0,4.033596515655518,1.0,20.0,4.987325191497803,1.0,20.0,0.15218353271484375,0.3794583911724774,0.5253727316856385,0.27986632663643657,0.5116203885826672
/n/holylabs/kempner_dev/Users/hsafaai/Code/dendritic-modeling/drafts/dendritic-local-learning/local_sweep_runs/gradient_fidelity_vs_ie_nonnegativeinput_fix_20260409164042/results/config_11,config_11,43,mnist,dendritic_shunting,train,all_populations,approx_direct_code_per_soma,0.0,1.0,1.0,1.0,1.0,1.0,1.0,0.0,0.13450661559503868,0.1356839694082737,0.07895291361465478,0.44354656580994384
/n/holylabs/kempner_dev/Users/hsafaai/Code/dendritic-modeling/drafts/dendritic-local-learning/local_sweep_runs/gradient_fidelity_vs_ie_nonnegativeinput_fix_20260409164042/results/config_11,config_11,43,mnist,dendritic_shunting,train,all_populations,exact_soma_blockwise_per_soma,0.0,1.0,1.0,1.0,1.0,1.0,1.0,0.0,0.5738592363828682,0.64612318277359,0.5423893267791873,2.532800262700222
/n/holylabs/kempner_dev/Users/hsafaai/Code/dendritic-modeling/drafts/dendritic-local-learning/local_sweep_runs/gradient_fidelity_vs_ie_nonnegativeinput_fix_20260409164042/results/config_11,config_11,43,mnist,dendritic_shunting,train,all_populations,approx_direct_code_per_soma,0.25,1.0118544101715088,1.0,1.0662304162979126,1.0158112049102783,1.0,1.0724823474884033,0.0,0.13511221179924163,0.1360071085393429,0.08010459355505334,0.43823510889575307
/n/holylabs/kempner_dev/Users/hsafaai/Code/dendritic-modeling/drafts/dendritic-local-learning/local_sweep_runs/gradient_fidelity_vs_ie_nonnegativeinput_fix_20260409164042/results/config_11,config_11,43,mnist,dendritic_shunting,train,all_populations,exact_soma_blockwise_per_soma,0.25,1.0118544101715088,1.0,1.0662304162979126,1.0158112049102783,1.0,1.0724823474884033,0.0,0.574985136225879,0.6467239499092102,0.5428064824646333,2.5024700549958347
/n/holylabs/kempner_dev/Users/hsafaai/Code/dendritic-modeling/drafts/dendritic-local-learning/local_sweep_runs/gradient_fidelity_vs_ie_nonnegativeinput_fix_20260409164042/results/config_11,config_11,43,mnist,dendritic_shunting,train,all_populations,approx_direct_code_per_soma,0.5,1.0252623558044434,1.0,1.141856074333191,1.0336881875991821,1.0,1.1562931537628174,0.0,0.13569236712626728,0.13631667271256448,0.08124426941217062,0.4323237675078469
/n/holylabs/kempner_dev/Users/hsafaai/Code/dendritic-modeling/drafts/dendritic-local-learning/local_sweep_runs/gradient_fidelity_vs_ie_nonnegativeinput_fix_20260409164042/results/config_11,config_11,43,mnist,dendritic_shunting,train,all_populations,exact_soma_blockwise_per_soma,0.5,1.0252623558044434,1.0,1.141856074333191,1.0336881875991821,1.0,1.1562931537628174,0.0,0.5760457555041371,0.6472898840904235,0.5430308173800728,2.4687143049251308
/n/holylabs/kempner_dev/Users/hsafaai/Code/dendritic-modeling/drafts/dendritic-local-learning/local_sweep_runs/gradient_fidelity_vs_ie_nonnegativeinput_fix_20260409164042/results/config_11,config_11,43,mnist,dendritic_shunting,train,all_populations,approx_direct_code_per_soma,1.0,1.0585075616836548,1.0,1.3306113481521606,1.0779765844345093,1.0,1.370491623878479,0.0,0.13669244772884476,0.1368503041565418,0.08339807765042345,0.4182280862107065
/n/holylabs/kempner_dev/Users/hsafaai/Code/dendritic-modeling/drafts/dendritic-local-learning/local_sweep_runs/gradient_fidelity_vs_ie_nonnegativeinput_fix_20260409164042/results/config_11,config_11,43,mnist,dendritic_shunting,train,all_populations,exact_soma_blockwise_per_soma,1.0,1.0585075616836548,1.0,1.3306113481521606,1.0779765844345093,1.0,1.370491623878479,0.0,0.5777866375873764,0.6482187986373902,0.5426337545818682,2.3882232177556415
/n/holylabs/kempner_dev/Users/hsafaai/Code/dendritic-modeling/drafts/dendritic-local-learning/local_sweep_runs/gradient_fidelity_vs_ie_nonnegativeinput_fix_20260409164042/results/config_11,config_11,43,mnist,dendritic_shunting,train,all_populations,approx_direct_code_per_soma,2.0,1.1947797536849976,1.0,1.9878009557724,1.2581318616867065,1.0,2.1770825386047363,0.00029754638671875,0.13675593821650958,0.13688418194651603,0.08552632611832635,0.3747888850817958
/n/holylabs/kempner_dev/Users/hsafaai/Code/dendritic-modeling/drafts/dendritic-local-learning/local_sweep_runs/gradient_fidelity_vs_ie_nonnegativeinput_fix_20260409164042/results/config_11,config_11,43,mnist,dendritic_shunting,train,all_populations,exact_soma_blockwise_per_soma,2.0,1.1947797536849976,1.0,1.9878009557724,1.2581318616867065,1.0,2.1770825386047363,0.00029754638671875,0.5766702997162048,0.6476231336593627,0.5346252435802725,2.140170750412367
/n/holylabs/kempner_dev/Users/hsafaai/Code/dendritic-modeling/drafts/dendritic-local-learning/local_sweep_runs/gradient_fidelity_vs_ie_nonnegativeinput_fix_20260409164042/results/config_11,config_11,43,mnist,dendritic_shunting,train,all_populations,approx_direct_code_per_soma,4.0,2.637275218963623,1.0,19.999998092651367,3.1827518939971924,1.0,20.0,0.0587005615234375,0.08501636551670819,0.10927654430270195,0.05083346038127219,0.12121148987567629
/n/holylabs/kempner_dev/Users/hsafaai/Code/dendritic-modeling/drafts/dendritic-local-learning/local_sweep_runs/gradient_fidelity_vs_ie_nonnegativeinput_fix_20260409164042/results/config_11,config_11,43,mnist,dendritic_shunting,train,all_populations,exact_soma_blockwise_per_soma,4.0,2.637275218963623,1.0,19.999998092651367,3.1827518939971924,1.0,20.0,0.0587005615234375,0.4285912356623615,0.5686098575592041,0.33172982824601877,0.6921584272415428
/n/holylabs/kempner_dev/Users/hsafaai/Code/dendritic-modeling/drafts/dendritic-local-learning/local_sweep_runs/gradient_fidelity_vs_ie_nonnegativeinput_fix_20260409164042/results/config_11,config_11,43,mnist,dendritic_shunting,train,all_populations,approx_direct_code_per_soma,8.0,4.662693023681641,1.0,20.0,5.894874095916748,1.0,20.0,0.185028076171875,0.12369283251553417,0.12991385981440545,0.10057040381920282,0.05311941513295809
/n/holylabs/kempner_dev/Users/hsafaai/Code/dendritic-modeling/drafts/dendritic-local-learning/local_sweep_runs/gradient_fidelity_vs_ie_nonnegativeinput_fix_20260409164042/results/config_11,config_11,43,mnist,dendritic_shunting,train,all_populations,exact_soma_blockwise_per_soma,8.0,4.662693023681641,1.0,20.0,5.894874095916748,1.0,20.0,0.185028076171875,0.45673816204071044,0.5836287319660187,0.33360538424114905,0.3033297492847416
/n/holylabs/kempner_dev/Users/hsafaai/Code/dendritic-modeling/drafts/dendritic-local-learning/local_sweep_runs/gradient_fidelity_vs_ie_nonnegativeinput_fix_20260409164042/results/config_11,config_11,43,mnist,dendritic_shunting,valid,all_populations,approx_direct_code_per_soma,0.0,1.0,1.0,1.0,1.0,1.0,1.0,0.0,0.2540140017593999,0.19513543844223022,0.19228613821926083,0.37949339044643204
/n/holylabs/kempner_dev/Users/hsafaai/Code/dendritic-modeling/drafts/dendritic-local-learning/local_sweep_runs/gradient_fidelity_vs_ie_nonnegativeinput_fix_20260409164042/results/config_11,config_11,43,mnist,dendritic_shunting,valid,all_populations,exact_soma_blockwise_per_soma,0.0,1.0,1.0,1.0,1.0,1.0,1.0,0.0,0.44417215109821334,0.5370782256126404,0.43133243167801155,2.1740954179059386
/n/holylabs/kempner_dev/Users/hsafaai/Code/dendritic-modeling/drafts/dendritic-local-learning/local_sweep_runs/gradient_fidelity_vs_ie_nonnegativeinput_fix_20260409164042/results/config_11,config_11,43,mnist,dendritic_shunting,valid,all_populations,approx_direct_code_per_soma,0.25,1.0116283893585205,1.0,1.0661890506744385,1.0154969692230225,1.0,1.072091817855835,0.0,0.25339127275810774,0.1948031574487686,0.19120889363776147,0.3776078120372367
/n/holylabs/kempner_dev/Users/hsafaai/Code/dendritic-modeling/drafts/dendritic-local-learning/local_sweep_runs/gradient_fidelity_vs_ie_nonnegativeinput_fix_20260409164042/results/config_11,config_11,43,mnist,dendritic_shunting,valid,all_populations,exact_soma_blockwise_per_soma,0.25,1.0116283893585205,1.0,1.0661890506744385,1.0154969692230225,1.0,1.072091817855835,0.0,0.44477654367804054,0.5374007225036621,0.4320749575567069,2.1632930495834986
/n/holylabs/kempner_dev/Users/hsafaai/Code/dendritic-modeling/drafts/dendritic-local-learning/local_sweep_runs/gradient_fidelity_vs_ie_nonnegativeinput_fix_20260409164042/results/config_11,config_11,43,mnist,dendritic_shunting,valid,all_populations,approx_direct_code_per_soma,0.5,1.0247833728790283,1.0,1.141761302947998,1.033021092414856,1.0,1.1553858518600464,0.0,0.25263156515906054,0.19439778625965118,0.18995328882352508,0.3753825778149699
/n/holylabs/kempner_dev/Users/hsafaai/Code/dendritic-modeling/drafts/dendritic-local-learning/local_sweep_runs/gradient_fidelity_vs_ie_nonnegativeinput_fix_20260409164042/results/config_11,config_11,43,mnist,dendritic_shunting,valid,all_populations,exact_soma_blockwise_per_soma,0.5,1.0247833728790283,1.0,1.141761302947998,1.033021092414856,1.0,1.1553858518600464,0.0,0.4453353381631859,0.5376988887786865,0.43273917980956733,2.150544812991798
/n/holylabs/kempner_dev/Users/hsafaai/Code/dendritic-modeling/drafts/dendritic-local-learning/local_sweep_runs/gradient_fidelity_vs_ie_nonnegativeinput_fix_20260409164042/results/config_11,config_11,43,mnist,dendritic_shunting,valid,all_populations,approx_direct_code_per_soma,1.0,1.0574157238006592,1.0,1.330353856086731,1.0764508247375488,1.0,1.3679454326629639,0.0,0.2505001223253539,0.1932604730129242,0.18669741713538254,0.3694954373269533
/n/holylabs/kempner_dev/Users/hsafaai/Code/dendritic-modeling/drafts/dendritic-local-learning/local_sweep_runs/gradient_fidelity_vs_ie_nonnegativeinput_fix_20260409164042/results/config_11,config_11,43,mnist,dendritic_shunting,valid,all_populations,exact_soma_blockwise_per_soma,1.0,1.0574157238006592,1.0,1.330353856086731,1.0764508247375488,1.0,1.3679454326629639,0.0,0.4461525628101303,0.5381349503993988,0.4336033206266728,2.1168177297756485
/n/holylabs/kempner_dev/Users/hsafaai/Code/dendritic-modeling/drafts/dendritic-local-learning/local_sweep_runs/gradient_fidelity_vs_ie_nonnegativeinput_fix_20260409164042/results/config_11,config_11,43,mnist,dendritic_shunting,valid,all_populations,approx_direct_code_per_soma,2.0,1.1916637420654297,1.0,1.986652135848999,1.2534232139587402,1.0,2.1642844676971436,0.00029754638671875,0.23998146738426618,0.18764784038066865,0.17379626434620887,0.34478511571178727
/n/holylabs/kempner_dev/Users/hsafaai/Code/dendritic-modeling/drafts/dendritic-local-learning/local_sweep_runs/gradient_fidelity_vs_ie_nonnegativeinput_fix_20260409164042/results/config_11,config_11,43,mnist,dendritic_shunting,valid,all_populations,exact_soma_blockwise_per_soma,2.0,1.1916637420654297,1.0,1.986652135848999,1.2534232139587402,1.0,2.1642844676971436,0.00029754638671875,0.443050674784231,0.5364798188209534,0.42894347375323794,1.975253743811846
/n/holylabs/kempner_dev/Users/hsafaai/Code/dendritic-modeling/drafts/dendritic-local-learning/local_sweep_runs/gradient_fidelity_vs_ie_nonnegativeinput_fix_20260409164042/results/config_11,config_11,43,mnist,dendritic_shunting,valid,all_populations,approx_direct_code_per_soma,4.0,2.62408447265625,1.0,19.999998092651367,3.1624104976654053,1.0,20.0,0.05870819091796875,0.08530647752057034,0.10511505454778672,0.04397300098986342,0.09401896106989449
/n/holylabs/kempner_dev/Users/hsafaai/Code/dendritic-modeling/drafts/dendritic-local-learning/local_sweep_runs/gradient_fidelity_vs_ie_nonnegativeinput_fix_20260409164042/results/config_11,config_11,43,mnist,dendritic_shunting,valid,all_populations,exact_soma_blockwise_per_soma,4.0,2.62408447265625,1.0,19.999998092651367,3.1624104976654053,1.0,20.0,0.05870819091796875,0.28350921932919565,0.4513503432273865,0.19916734755642643,0.5386291239957386
/n/holylabs/kempner_dev/Users/hsafaai/Code/dendritic-modeling/drafts/dendritic-local-learning/local_sweep_runs/gradient_fidelity_vs_ie_nonnegativeinput_fix_20260409164042/results/config_11,config_11,43,mnist,dendritic_shunting,valid,all_populations,approx_direct_code_per_soma,8.0,4.574743747711182,1.0,20.0,5.771679401397705,1.0,20.0,0.18022918701171875,0.09285487095435777,0.10914278998970986,0.019059922987777332,0.06465921654515747
/n/holylabs/kempner_dev/Users/hsafaai/Code/dendritic-modeling/drafts/dendritic-local-learning/local_sweep_runs/gradient_fidelity_vs_ie_nonnegativeinput_fix_20260409164042/results/config_11,config_11,43,mnist,dendritic_shunting,valid,all_populations,exact_soma_blockwise_per_soma,8.0,4.574743747711182,1.0,20.0,5.771679401397705,1.0,20.0,0.18022918701171875,0.32944730019664387,0.4758623719215393,0.2373706425661736,0.37042886636534933
/n/holylabs/kempner_dev/Users/hsafaai/Code/dendritic-modeling/drafts/dendritic-local-learning/local_sweep_runs/gradient_fidelity_vs_ie_nonnegativeinput_fix_20260409164042/results/config_11,config_11,43,mnist,dendritic_shunting,test,all_populations,approx_direct_code_per_soma,0.0,1.0,1.0,1.0,1.0,1.0,1.0,0.0,0.10884055194864235,0.12393958419561386,0.11016621931281975,0.19563132226991475
/n/holylabs/kempner_dev/Users/hsafaai/Code/dendritic-modeling/drafts/dendritic-local-learning/local_sweep_runs/gradient_fidelity_vs_ie_nonnegativeinput_fix_20260409164042/results/config_11,config_11,43,mnist,dendritic_shunting,test,all_populations,exact_soma_blockwise_per_soma,0.0,1.0,1.0,1.0,1.0,1.0,1.0,0.0,0.5797148432104711,0.6450147986412048,0.4831451894483952,1.3887079631737804
/n/holylabs/kempner_dev/Users/hsafaai/Code/dendritic-modeling/drafts/dendritic-local-learning/local_sweep_runs/gradient_fidelity_vs_ie_nonnegativeinput_fix_20260409164042/results/config_11,config_11,43,mnist,dendritic_shunting,test,all_populations,approx_direct_code_per_soma,0.25,1.0108964443206787,1.0,1.0638046264648438,1.0145163536071777,1.0,1.0694738626480103,0.0,0.1084621586956351,0.12373767793178558,0.11018615068656056,0.195342640894995
/n/holylabs/kempner_dev/Users/hsafaai/Code/dendritic-modeling/drafts/dendritic-local-learning/local_sweep_runs/gradient_fidelity_vs_ie_nonnegativeinput_fix_20260409164042/results/config_11,config_11,43,mnist,dendritic_shunting,test,all_populations,exact_soma_blockwise_per_soma,0.25,1.0108964443206787,1.0,1.0638046264648438,1.0145163536071777,1.0,1.0694738626480103,0.0,0.5812948696926771,0.6458578824996948,0.4843563996063738,1.386658730364231
/n/holylabs/kempner_dev/Users/hsafaai/Code/dendritic-modeling/drafts/dendritic-local-learning/local_sweep_runs/gradient_fidelity_vs_ie_nonnegativeinput_fix_20260409164042/results/config_11,config_11,43,mnist,dendritic_shunting,test,all_populations,approx_direct_code_per_soma,0.5,1.0231975317001343,1.0,1.1363061666488647,1.0309008359909058,1.0,1.149321436882019,0.0,0.10806034922362323,0.12352327704429626,0.11020623768982363,0.19500995824412026
/n/holylabs/kempner_dev/Users/hsafaai/Code/dendritic-modeling/drafts/dendritic-local-learning/local_sweep_runs/gradient_fidelity_vs_ie_nonnegativeinput_fix_20260409164042/results/config_11,config_11,43,mnist,dendritic_shunting,test,all_populations,exact_soma_blockwise_per_soma,0.5,1.0231975317001343,1.0,1.1363061666488647,1.0309008359909058,1.0,1.149321436882019,0.0,0.5829269731757175,0.6467287540435791,0.48565730829246134,1.3842971502188897
/n/holylabs/kempner_dev/Users/hsafaai/Code/dendritic-modeling/drafts/dendritic-local-learning/local_sweep_runs/gradient_fidelity_vs_ie_nonnegativeinput_fix_20260409164042/results/config_11,config_11,43,mnist,dendritic_shunting,test,all_populations,approx_direct_code_per_soma,1.0,1.0535885095596313,1.0,1.3156354427337646,1.071362018585205,1.0,1.3510645627975464,0.0,0.10718732499743838,0.12305744141340255,0.11024680794282721,0.1941545592618864
/n/holylabs/kempner_dev/Users/hsafaai/Code/dendritic-modeling/drafts/dendritic-local-learning/local_sweep_runs/gradient_fidelity_vs_ie_nonnegativeinput_fix_20260409164042/results/config_11,config_11,43,mnist,dendritic_shunting,test,all_populations,exact_soma_blockwise_per_soma,1.0,1.0535885095596313,1.0,1.3156354427337646,1.071362018585205,1.0,1.3510645627975464,0.0,0.5863075100188236,0.6485325694084167,0.4885637676011376,1.3782250173695296
/n/holylabs/kempner_dev/Users/hsafaai/Code/dendritic-modeling/drafts/dendritic-local-learning/local_sweep_runs/gradient_fidelity_vs_ie_nonnegativeinput_fix_20260409164042/results/config_11,config_11,43,mnist,dendritic_shunting,test,all_populations,approx_direct_code_per_soma,2.0,1.1759624481201172,1.0,1.9224189519882202,1.2338786125183105,1.0,2.08197021484375,0.0003204345703125,0.10487555633265659,0.12182390838861465,0.11007081721409871,0.19035282561527483
/n/holylabs/kempner_dev/Users/hsafaai/Code/dendritic-modeling/drafts/dendritic-local-learning/local_sweep_runs/gradient_fidelity_vs_ie_nonnegativeinput_fix_20260409164042/results/config_11,config_11,43,mnist,dendritic_shunting,test,all_populations,exact_soma_blockwise_per_soma,2.0,1.1759624481201172,1.0,1.9224189519882202,1.2338786125183105,1.0,2.08197021484375,0.0003204345703125,0.5919897341253273,0.6515645384788513,0.49531358316148205,1.3512380414208058
/n/holylabs/kempner_dev/Users/hsafaai/Code/dendritic-modeling/drafts/dendritic-local-learning/local_sweep_runs/gradient_fidelity_vs_ie_nonnegativeinput_fix_20260409164042/results/config_11,config_11,43,mnist,dendritic_shunting,test,all_populations,approx_direct_code_per_soma,4.0,2.474520683288574,1.0,19.999998092651367,2.9645915031433105,1.0,19.999998092651367,0.05169677734375,0.09684629820495012,0.11753958910703659,0.08955984058405538,0.11033175807772941
/n/holylabs/kempner_dev/Users/hsafaai/Code/dendritic-modeling/drafts/dendritic-local-learning/local_sweep_runs/gradient_fidelity_vs_ie_nonnegativeinput_fix_20260409164042/results/config_11,config_11,43,mnist,dendritic_shunting,test,all_populations,exact_soma_blockwise_per_soma,4.0,2.474520683288574,1.0,19.999998092651367,2.9645915031433105,1.0,19.999998092651367,0.05169677734375,0.4742018798053027,0.5887143015861511,0.38653421019950573,0.7832007127269143
/n/holylabs/kempner_dev/Users/hsafaai/Code/dendritic-modeling/drafts/dendritic-local-learning/local_sweep_runs/gradient_fidelity_vs_ie_nonnegativeinput_fix_20260409164042/results/config_11,config_11,43,mnist,dendritic_shunting,test,all_populations,approx_direct_code_per_soma,8.0,4.371914863586426,1.0,20.0,5.4979424476623535,1.0,20.0,0.1700592041015625,0.039127513367341334,0.08674151301383973,0.0456050486061912,0.0635477374943051
/n/holylabs/kempner_dev/Users/hsafaai/Code/dendritic-modeling/drafts/dendritic-local-learning/local_sweep_runs/gradient_fidelity_vs_ie_nonnegativeinput_fix_20260409164042/results/config_11,config_11,43,mnist,dendritic_shunting,test,all_populations,exact_soma_blockwise_per_soma,8.0,4.371914863586426,1.0,20.0,5.4979424476623535,1.0,20.0,0.1700592041015625,0.4718289692563365,0.5874481439590454,0.35439711644208827,0.4510997936120885
/n/holylabs/kempner_dev/Users/hsafaai/Code/dendritic-modeling/drafts/dendritic-local-learning/local_sweep_runs/gradient_fidelity_vs_ie_nonnegativeinput_fix_20260409164042/results/config_12,config_12,44,mnist,dendritic_shunting,train,all_populations,approx_direct_code_per_soma,0.0,1.0,1.0,1.0,1.0,1.0,1.0,0.0,0.006823936114273223,-0.007094281166791916,0.014791895541352967,0.3154338649723468
/n/holylabs/kempner_dev/Users/hsafaai/Code/dendritic-modeling/drafts/dendritic-local-learning/local_sweep_runs/gradient_fidelity_vs_ie_nonnegativeinput_fix_20260409164042/results/config_12,config_12,44,mnist,dendritic_shunting,train,all_populations,exact_soma_blockwise_per_soma,0.0,1.0,1.0,1.0,1.0,1.0,1.0,0.0,0.43546626186940773,0.5183768391609191,0.4017770363035484,2.438168124944393
/n/holylabs/kempner_dev/Users/hsafaai/Code/dendritic-modeling/drafts/dendritic-local-learning/local_sweep_runs/gradient_fidelity_vs_ie_nonnegativeinput_fix_20260409164042/results/config_12,config_12,44,mnist,dendritic_shunting,train,all_populations,approx_direct_code_per_soma,0.25,1.009573221206665,1.0,1.05897855758667,1.012916922569275,1.0,1.0647300481796265,0.0,0.007624769407914454,-0.0066669657826423645,0.014036621879126696,0.31281619494452884
/n/holylabs/kempner_dev/Users/hsafaai/Code/dendritic-modeling/drafts/dendritic-local-learning/local_sweep_runs/gradient_fidelity_vs_ie_nonnegativeinput_fix_20260409164042/results/config_12,config_12,44,mnist,dendritic_shunting,train,all_populations,exact_soma_blockwise_per_soma,0.25,1.009573221206665,1.0,1.05897855758667,1.012916922569275,1.0,1.0647300481796265,0.0,0.4348002526579625,0.5180214643478394,0.4012658757323495,2.41793466134971
/n/holylabs/kempner_dev/Users/hsafaai/Code/dendritic-modeling/drafts/dendritic-local-learning/local_sweep_runs/gradient_fidelity_vs_ie_nonnegativeinput_fix_20260409164042/results/config_12,config_12,44,mnist,dendritic_shunting,train,all_populations,approx_direct_code_per_soma,0.5,1.0203677415847778,1.0,1.125349998474121,1.0274769067764282,1.0,1.1384201049804688,0.0,0.008467326019389695,-0.006217387318611145,0.013234325633485615,0.3098814380417874
/n/holylabs/kempner_dev/Users/hsafaai/Code/dendritic-modeling/drafts/dendritic-local-learning/local_sweep_runs/gradient_fidelity_vs_ie_nonnegativeinput_fix_20260409164042/results/config_12,config_12,44,mnist,dendritic_shunting,train,all_populations,exact_soma_blockwise_per_soma,0.5,1.0203677415847778,1.0,1.125349998474121,1.0274769067764282,1.0,1.1384201049804688,0.0,0.4339893952118923,0.5175888001918793,0.40061141126626665,2.3952502525740322
/n/holylabs/kempner_dev/Users/hsafaai/Code/dendritic-modeling/drafts/dendritic-local-learning/local_sweep_runs/gradient_fidelity_vs_ie_nonnegativeinput_fix_20260409164042/results/config_12,config_12,44,mnist,dendritic_shunting,train,all_populations,approx_direct_code_per_soma,1.0,1.0470188856124878,1.0,1.2866288423538208,1.0633947849273682,1.0,1.3213167190551758,0.0,0.010241783916712757,-0.005270557105541229,0.011479523984127443,0.30277615068920516
/n/holylabs/kempner_dev/Users/hsafaai/Code/dendritic-modeling/drafts/dendritic-local-learning/local_sweep_runs/gradient_fidelity_vs_ie_nonnegativeinput_fix_20260409164042/results/config_12,config_12,44,mnist,dendritic_shunting,train,all_populations,exact_soma_blockwise_per_soma,1.0,1.0470188856124878,1.0,1.2866288423538208,1.0633947849273682,1.0,1.3213167190551758,0.0,0.43179473277582114,0.5164177536964416,0.3987242084197586,2.340329436943931
/n/holylabs/kempner_dev/Users/hsafaai/Code/dendritic-modeling/drafts/dendritic-local-learning/local_sweep_runs/gradient_fidelity_vs_ie_nonnegativeinput_fix_20260409164042/results/config_12,config_12,44,mnist,dendritic_shunting,train,all_populations,approx_direct_code_per_soma,2.0,1.1593984365463257,1.0,1.8035895824432373,1.2134586572647095,1.0,1.9468823671340942,0.0004425048828125,0.012424662842218619,-0.004105798155069351,0.00744056279273089,0.27881858467243076
/n/holylabs/kempner_dev/Users/hsafaai/Code/dendritic-modeling/drafts/dendritic-local-learning/local_sweep_runs/gradient_fidelity_vs_ie_nonnegativeinput_fix_20260409164042/results/config_12,config_12,44,mnist,dendritic_shunting,train,all_populations,exact_soma_blockwise_per_soma,2.0,1.1593984365463257,1.0,1.8035895824432373,1.2134586572647095,1.0,1.9468823671340942,0.0004425048828125,0.42316248396953265,0.5118116855621337,0.39036372147455084,2.1551477545064057
/n/holylabs/kempner_dev/Users/hsafaai/Code/dendritic-modeling/drafts/dendritic-local-learning/local_sweep_runs/gradient_fidelity_vs_ie_nonnegativeinput_fix_20260409164042/results/config_12,config_12,44,mnist,dendritic_shunting,train,all_populations,approx_direct_code_per_soma,4.0,2.206547260284424,1.0,9.182760238647461,2.6300487518310547,1.0,19.999998092651367,0.0404052734375,0.013547809150114477,-0.0035065002739429474,0.005376797836043472,0.11489772292599915
/n/holylabs/kempner_dev/Users/hsafaai/Code/dendritic-modeling/drafts/dendritic-local-learning/local_sweep_runs/gradient_fidelity_vs_ie_nonnegativeinput_fix_20260409164042/results/config_12,config_12,44,mnist,dendritic_shunting,train,all_populations,exact_soma_blockwise_per_soma,4.0,2.206547260284424,1.0,9.182760238647461,2.6300487518310547,1.0,19.999998092651367,0.0404052734375,0.3201875594412663,0.456865456700325,0.24834065792556875,0.8881099868317018
/n/holylabs/kempner_dev/Users/hsafaai/Code/dendritic-modeling/drafts/dendritic-local-learning/local_sweep_runs/gradient_fidelity_vs_ie_nonnegativeinput_fix_20260409164042/results/config_12,config_12,44,mnist,dendritic_shunting,train,all_populations,approx_direct_code_per_soma,8.0,4.0238447189331055,1.0,20.0,5.0874199867248535,1.0,20.0,0.15230560302734375,0.018687166547870258,-0.0007641986012458801,-0.036892149027417255,0.03968360038679169
/n/holylabs/kempner_dev/Users/hsafaai/Code/dendritic-modeling/drafts/dendritic-local-learning/local_sweep_runs/gradient_fidelity_vs_ie_nonnegativeinput_fix_20260409164042/results/config_12,config_12,44,mnist,dendritic_shunting,train,all_populations,exact_soma_blockwise_per_soma,8.0,4.0238447189331055,1.0,20.0,5.0874199867248535,1.0,20.0,0.15230560302734375,0.26532158499219977,0.42758960723876954,0.17415220070481247,0.30673716518861643
/n/holylabs/kempner_dev/Users/hsafaai/Code/dendritic-modeling/drafts/dendritic-local-learning/local_sweep_runs/gradient_fidelity_vs_ie_nonnegativeinput_fix_20260409164042/results/config_12,config_12,44,mnist,dendritic_shunting,valid,all_populations,approx_direct_code_per_soma,0.0,1.0,1.0,1.0,1.0,1.0,1.0,0.0,0.07523549237099302,0.06412326563149691,0.020006269424420565,0.3031875382745238
/n/holylabs/kempner_dev/Users/hsafaai/Code/dendritic-modeling/drafts/dendritic-local-learning/local_sweep_runs/gradient_fidelity_vs_ie_nonnegativeinput_fix_20260409164042/results/config_12,config_12,44,mnist,dendritic_shunting,valid,all_populations,exact_soma_blockwise_per_soma,0.0,1.0,1.0,1.0,1.0,1.0,1.0,0.0,0.4594542658566479,0.5688060820102692,0.4232850910638019,2.1708606953960676
/n/holylabs/kempner_dev/Users/hsafaai/Code/dendritic-modeling/drafts/dendritic-local-learning/local_sweep_runs/gradient_fidelity_vs_ie_nonnegativeinput_fix_20260409164042/results/config_12,config_12,44,mnist,dendritic_shunting,valid,all_populations,approx_direct_code_per_soma,0.25,1.0087225437164307,1.0,1.0570077896118164,1.0117489099502563,1.0,1.0618901252746582,0.0,0.07493848618758152,0.06396478656679391,0.020061344515390836,0.30162135424157277
/n/holylabs/kempner_dev/Users/hsafaai/Code/dendritic-modeling/drafts/dendritic-local-learning/local_sweep_runs/gradient_fidelity_vs_ie_nonnegativeinput_fix_20260409164042/results/config_12,config_12,44,mnist,dendritic_shunting,valid,all_populations,exact_soma_blockwise_per_soma,0.25,1.0087225437164307,1.0,1.0570077896118164,1.0117489099502563,1.0,1.0618901252746582,0.0,0.4584606809160149,0.5682759165763855,0.4226868864621687,2.1596466218287964
/n/holylabs/kempner_dev/Users/hsafaai/Code/dendritic-modeling/drafts/dendritic-local-learning/local_sweep_runs/gradient_fidelity_vs_ie_nonnegativeinput_fix_20260409164042/results/config_12,config_12,44,mnist,dendritic_shunting,valid,all_populations,approx_direct_code_per_soma,0.5,1.0185285806655884,1.0,1.1209081411361694,1.0249539613723755,1.0,1.131946325302124,0.0,0.0745603791793504,0.06376303303986788,0.020137301838202122,0.29991715719763457
/n/holylabs/kempner_dev/Users/hsafaai/Code/dendritic-modeling/drafts/dendritic-local-learning/local_sweep_runs/gradient_fidelity_vs_ie_nonnegativeinput_fix_20260409164042/results/config_12,config_12,44,mnist,dendritic_shunting,valid,all_populations,exact_soma_blockwise_per_soma,0.5,1.0185285806655884,1.0,1.1209081411361694,1.0249539613723755,1.0,1.131946325302124,0.0,0.4572831173817,0.5676475822925567,0.4220094707167994,2.1474443578408025
/n/holylabs/kempner_dev/Users/hsafaai/Code/dendritic-modeling/drafts/dendritic-local-learning/local_sweep_runs/gradient_fidelity_vs_ie_nonnegativeinput_fix_20260409164042/results/config_12,config_12,44,mnist,dendritic_shunting,valid,all_populations,approx_direct_code_per_soma,1.0,1.042588710784912,1.0,1.2750749588012695,1.0573316812515259,1.0,1.3040050268173218,0.0,0.07336756228925698,0.06312655974179507,0.02034435405482446,0.2959650740535303
/n/holylabs/kempner_dev/Users/hsafaai/Code/dendritic-modeling/drafts/dendritic-local-learning/local_sweep_runs/gradient_fidelity_vs_ie_nonnegativeinput_fix_20260409164042/results/config_12,config_12,44,mnist,dendritic_shunting,valid,all_populations,exact_soma_blockwise_per_soma,1.0,1.042588710784912,1.0,1.2750749588012695,1.0573316812515259,1.0,1.3040050268173218,0.0,0.45413375461244015,0.5659671187400818,0.42029935568088234,2.119146948220012
/n/holylabs/kempner_dev/Users/hsafaai/Code/dendritic-modeling/drafts/dendritic-local-learning/local_sweep_runs/gradient_fidelity_vs_ie_nonnegativeinput_fix_20260409164042/results/config_12,config_12,44,mnist,dendritic_shunting,valid,all_populations,approx_direct_code_per_soma,2.0,1.1395906209945679,1.0,1.7589061260223389,1.186985731124878,1.0,1.873584270477295,0.00030517578125,0.063795960756887,0.05801926385611296,0.02028112157163635,0.283448033368536
/n/holylabs/kempner_dev/Users/hsafaai/Code/dendritic-modeling/drafts/dendritic-local-learning/local_sweep_runs/gradient_fidelity_vs_ie_nonnegativeinput_fix_20260409164042/results/config_12,config_12,44,mnist,dendritic_shunting,valid,all_populations,exact_soma_blockwise_per_soma,2.0,1.1395906209945679,1.0,1.7589061260223389,1.186985731124878,1.0,1.873584270477295,0.00030517578125,0.4390356356594192,0.5579109370708466,0.41265469941028515,2.0295233713396073
/n/holylabs/kempner_dev/Users/hsafaai/Code/dendritic-modeling/drafts/dendritic-local-learning/local_sweep_runs/gradient_fidelity_vs_ie_nonnegativeinput_fix_20260409164042/results/config_12,config_12,44,mnist,dendritic_shunting,valid,all_populations,approx_direct_code_per_soma,4.0,2.0702152252197266,1.0,7.295525074005127,2.442772150039673,1.0,14.820820808410645,0.03469085693359375,0.028330112909415804,0.039095097593963145,0.02158455048092832,0.15504435987583826
/n/holylabs/kempner_dev/Users/hsafaai/Code/dendritic-modeling/drafts/dendritic-local-learning/local_sweep_runs/gradient_fidelity_vs_ie_nonnegativeinput_fix_20260409164042/results/config_12,config_12,44,mnist,dendritic_shunting,valid,all_populations,exact_soma_blockwise_per_soma,4.0,2.0702152252197266,1.0,7.295525074005127,2.442772150039673,1.0,14.820820808410645,0.03469085693359375,0.3151826427087366,0.49182441234588625,0.2683239275600363,1.1101370089708018
/n/holylabs/kempner_dev/Users/hsafaai/Code/dendritic-modeling/drafts/dendritic-local-learning/local_sweep_runs/gradient_fidelity_vs_ie_nonnegativeinput_fix_20260409164042/results/config_12,config_12,44,mnist,dendritic_shunting,valid,all_populations,approx_direct_code_per_soma,8.0,3.7720389366149902,1.0,20.0,4.741545677185059,1.0,20.0,0.13875579833984375,0.04523200960273287,0.048113754205405715,0.02053145395350906,0.06105514758704994
/n/holylabs/kempner_dev/Users/hsafaai/Code/dendritic-modeling/drafts/dendritic-local-learning/local_sweep_runs/gradient_fidelity_vs_ie_nonnegativeinput_fix_20260409164042/results/config_12,config_12,44,mnist,dendritic_shunting,valid,all_populations,exact_soma_blockwise_per_soma,8.0,3.7720389366149902,1.0,20.0,4.741545677185059,1.0,20.0,0.13875579833984375,0.31481679675113633,0.49162920117378234,0.2006245450141925,0.43716249322992046
/n/holylabs/kempner_dev/Users/hsafaai/Code/dendritic-modeling/drafts/dendritic-local-learning/local_sweep_runs/gradient_fidelity_vs_ie_nonnegativeinput_fix_20260409164042/results/config_12,config_12,44,mnist,dendritic_shunting,test,all_populations,approx_direct_code_per_soma,0.0,1.0,1.0,1.0,1.0,1.0,1.0,0.0,0.17915341873330423,0.18621929585933686,0.1145244646622844,0.39701441003402105
/n/holylabs/kempner_dev/Users/hsafaai/Code/dendritic-modeling/drafts/dendritic-local-learning/local_sweep_runs/gradient_fidelity_vs_ie_nonnegativeinput_fix_20260409164042/results/config_12,config_12,44,mnist,dendritic_shunting,test,all_populations,exact_soma_blockwise_per_soma,0.0,1.0,1.0,1.0,1.0,1.0,1.0,0.0,0.4759814201313186,0.6010678231716156,0.40404864847121497,2.8807722714645925
/n/holylabs/kempner_dev/Users/hsafaai/Code/dendritic-modeling/drafts/dendritic-local-learning/local_sweep_runs/gradient_fidelity_vs_ie_nonnegativeinput_fix_20260409164042/results/config_12,config_12,44,mnist,dendritic_shunting,test,all_populations,approx_direct_code_per_soma,0.25,1.0085270404815674,1.0,1.0567570924758911,1.0114978551864624,1.0,1.0618242025375366,0.0,0.17911106567696272,0.18619669675827027,0.1139861901122292,0.3914245466598542
/n/holylabs/kempner_dev/Users/hsafaai/Code/dendritic-modeling/drafts/dendritic-local-learning/local_sweep_runs/gradient_fidelity_vs_ie_nonnegativeinput_fix_20260409164042/results/config_12,config_12,44,mnist,dendritic_shunting,test,all_populations,exact_soma_blockwise_per_soma,0.25,1.0085270404815674,1.0,1.0567570924758911,1.0114978551864624,1.0,1.0618242025375366,0.0,0.47624205088710403,0.6012068927288056,0.4035121449009459,2.840211720002001
/n/holylabs/kempner_dev/Users/hsafaai/Code/dendritic-modeling/drafts/dendritic-local-learning/local_sweep_runs/gradient_fidelity_vs_ie_nonnegativeinput_fix_20260409164042/results/config_12,config_12,44,mnist,dendritic_shunting,test,all_populations,approx_direct_code_per_soma,0.5,1.0181045532226562,1.0,1.1203445196151733,1.0244123935699463,1.0,1.1317967176437378,0.0,0.1790210842825027,0.18614868372678756,0.11331000888680814,0.38491003774447985
/n/holylabs/kempner_dev/Users/hsafaai/Code/dendritic-modeling/drafts/dendritic-local-learning/local_sweep_runs/gradient_fidelity_vs_ie_nonnegativeinput_fix_20260409164042/results/config_12,config_12,44,mnist,dendritic_shunting,test,all_populations,exact_soma_blockwise_per_soma,0.5,1.0181045532226562,1.0,1.1203445196151733,1.0244123935699463,1.0,1.1317967176437378,0.0,0.4763776275836139,0.6012792348861694,0.40259902316185686,2.792941857318651
/n/holylabs/kempner_dev/Users/hsafaai/Code/dendritic-modeling/drafts/dendritic-local-learning/local_sweep_runs/gradient_fidelity_vs_ie_nonnegativeinput_fix_20260409164042/results/config_12,config_12,44,mnist,dendritic_shunting,test,all_populations,approx_direct_code_per_soma,1.0,1.0415523052215576,1.0,1.2736175060272217,1.0560295581817627,1.0,1.3036079406738281,0.0,0.17863175787536273,0.1859409436583519,0.11137410222208774,0.36813086404052087
/n/holylabs/kempner_dev/Users/hsafaai/Code/dendritic-modeling/drafts/dendritic-local-learning/local_sweep_runs/gradient_fidelity_vs_ie_nonnegativeinput_fix_20260409164042/results/config_12,config_12,44,mnist,dendritic_shunting,test,all_populations,exact_soma_blockwise_per_soma,1.0,1.0415523052215576,1.0,1.2736175060272217,1.0560295581817627,1.0,1.3036079406738281,0.0,0.47605676534166375,0.6011080265045166,0.3990795181617055,2.671190663601751
/n/holylabs/kempner_dev/Users/hsafaai/Code/dendritic-modeling/drafts/dendritic-local-learning/local_sweep_runs/gradient_fidelity_vs_ie_nonnegativeinput_fix_20260409164042/results/config_12,config_12,44,mnist,dendritic_shunting,test,all_populations,approx_direct_code_per_soma,2.0,1.1345140933990479,1.0,1.7533705234527588,1.1811119318008423,1.0,1.871945858001709,0.00029754638671875,0.1760839392013284,0.18458145707845688,0.10289968921042608,0.30648806988598454
/n/holylabs/kempner_dev/Users/hsafaai/Code/dendritic-modeling/drafts/dendritic-local-learning/local_sweep_runs/gradient_fidelity_vs_ie_nonnegativeinput_fix_20260409164042/results/config_12,config_12,44,mnist,dendritic_shunting,test,all_populations,exact_soma_blockwise_per_soma,2.0,1.1345140933990479,1.0,1.7533705234527588,1.1811119318008423,1.0,1.871945858001709,0.00029754638671875,0.4700084383554193,0.5978807091712952,0.3773552951581158,2.223905004321095
/n/holylabs/kempner_dev/Users/hsafaai/Code/dendritic-modeling/drafts/dendritic-local-learning/local_sweep_runs/gradient_fidelity_vs_ie_nonnegativeinput_fix_20260409164042/results/config_12,config_12,44,mnist,dendritic_shunting,test,all_populations,approx_direct_code_per_soma,4.0,2.0520997047424316,1.0,7.1093292236328125,2.4229636192321777,1.0,14.618401527404785,0.0342559814453125,0.12579502291175948,0.15774787291884423,0.050589221846777103,0.056802902804007745
/n/holylabs/kempner_dev/Users/hsafaai/Code/dendritic-modeling/drafts/dendritic-local-learning/local_sweep_runs/gradient_fidelity_vs_ie_nonnegativeinput_fix_20260409164042/results/config_12,config_12,44,mnist,dendritic_shunting,test,all_populations,exact_soma_blockwise_per_soma,4.0,2.0520997047424316,1.0,7.1093292236328125,2.4229636192321777,1.0,14.618401527404785,0.0342559814453125,0.34763232881804385,0.5325822323560715,0.19533396949856632,0.41216697228310056
/n/holylabs/kempner_dev/Users/hsafaai/Code/dendritic-modeling/drafts/dendritic-local-learning/local_sweep_runs/gradient_fidelity_vs_ie_nonnegativeinput_fix_20260409164042/results/config_12,config_12,44,mnist,dendritic_shunting,test,all_populations,approx_direct_code_per_soma,8.0,3.718592882156372,1.0,20.0,4.668456077575684,1.0,20.0,0.1362152099609375,0.09957054577263227,0.14375479519367218,0.04094615872319081,0.04507064085232743
/n/holylabs/kempner_dev/Users/hsafaai/Code/dendritic-modeling/drafts/dendritic-local-learning/local_sweep_runs/gradient_fidelity_vs_ie_nonnegativeinput_fix_20260409164042/results/config_12,config_12,44,mnist,dendritic_shunting,test,all_populations,exact_soma_blockwise_per_soma,8.0,3.718592882156372,1.0,20.0,4.668456077575684,1.0,20.0,0.1362152099609375,0.3535373881993541,0.5357331037521362,0.21246863069723623,0.32703662422076324
/n/holylabs/kempner_dev/Users/hsafaai/Code/dendritic-modeling/drafts/dendritic-local-learning/local_sweep_runs/gradient_fidelity_vs_ie_nonnegativeinput_fix_20260409164042/results/config_13,config_13,45,mnist,dendritic_shunting,train,all_populations,approx_direct_code_per_soma,0.0,1.0,1.0,1.0,1.0,1.0,1.0,0.0,0.16676590953215184,0.15563229843974113,0.02761042622338547,0.35915238024043755
/n/holylabs/kempner_dev/Users/hsafaai/Code/dendritic-modeling/drafts/dendritic-local-learning/local_sweep_runs/gradient_fidelity_vs_ie_nonnegativeinput_fix_20260409164042/results/config_13,config_13,45,mnist,dendritic_shunting,train,all_populations,exact_soma_blockwise_per_soma,0.0,1.0,1.0,1.0,1.0,1.0,1.0,0.0,0.5115356337311733,0.5700631082057953,0.43904264013514954,1.719509486187636
/n/holylabs/kempner_dev/Users/hsafaai/Code/dendritic-modeling/drafts/dendritic-local-learning/local_sweep_runs/gradient_fidelity_vs_ie_nonnegativeinput_fix_20260409164042/results/config_13,config_13,45,mnist,dendritic_shunting,train,all_populations,approx_direct_code_per_soma,0.25,1.0114924907684326,1.0,1.0668977499008179,1.0153634548187256,1.0,1.07305109500885,0.0,0.16900802297421186,0.15682866424322128,0.02910189867006487,0.35775081597584624
/n/holylabs/kempner_dev/Users/hsafaai/Code/dendritic-modeling/drafts/dendritic-local-learning/local_sweep_runs/gradient_fidelity_vs_ie_nonnegativeinput_fix_20260409164042/results/config_13,config_13,45,mnist,dendritic_shunting,train,all_populations,exact_soma_blockwise_per_soma,0.25,1.0114924907684326,1.0,1.0668977499008179,1.0153634548187256,1.0,1.07305109500885,0.0,0.5136218415123533,0.5711762845516205,0.4400715850725125,1.712799233990914
/n/holylabs/kempner_dev/Users/hsafaai/Code/dendritic-modeling/drafts/dendritic-local-learning/local_sweep_runs/gradient_fidelity_vs_ie_nonnegativeinput_fix_20260409164042/results/config_13,config_13,45,mnist,dendritic_shunting,train,all_populations,approx_direct_code_per_soma,0.5,1.0245273113250732,1.0,1.143387794494629,1.032778024673462,1.0,1.1576162576675415,0.0,0.1712784578933184,0.15804014205932618,0.030738241354122856,0.35615803721816797
/n/holylabs/kempner_dev/Users/hsafaai/Code/dendritic-modeling/drafts/dendritic-local-learning/local_sweep_runs/gradient_fidelity_vs_ie_nonnegativeinput_fix_20260409164042/results/config_13,config_13,45,mnist,dendritic_shunting,train,all_populations,exact_soma_blockwise_per_soma,0.5,1.0245273113250732,1.0,1.143387794494629,1.032778024673462,1.0,1.1576162576675415,0.0,0.5156877189328472,0.5722786128520966,0.44114039589861576,1.7051735064894216
/n/holylabs/kempner_dev/Users/hsafaai/Code/dendritic-modeling/drafts/dendritic-local-learning/local_sweep_runs/gradient_fidelity_vs_ie_nonnegativeinput_fix_20260409164042/results/config_13,config_13,45,mnist,dendritic_shunting,train,all_populations,approx_direct_code_per_soma,1.0,1.057055115699768,1.0,1.334778904914856,1.0761747360229492,1.0,1.3742148876190186,0.0,0.1758594753067807,0.16048451997339724,0.034567003119848505,0.3522166686019106
/n/holylabs/kempner_dev/Users/hsafaai/Code/dendritic-modeling/drafts/dendritic-local-learning/local_sweep_runs/gradient_fidelity_vs_ie_nonnegativeinput_fix_20260409164042/results/config_13,config_13,45,mnist,dendritic_shunting,train,all_populations,exact_soma_blockwise_per_soma,1.0,1.057055115699768,1.0,1.334778904914856,1.0761747360229492,1.0,1.3742148876190186,0.0,0.5196651641021212,0.574400931596756,0.4433973019513537,1.6863034638638383
/n/holylabs/kempner_dev/Users/hsafaai/Code/dendritic-modeling/drafts/dendritic-local-learning/local_sweep_runs/gradient_fidelity_vs_ie_nonnegativeinput_fix_20260409164042/results/config_13,config_13,45,mnist,dendritic_shunting,train,all_populations,approx_direct_code_per_soma,2.0,1.1979527473449707,1.0,2.0065195560455322,1.2609467506408691,1.0,2.195985794067383,0.00066375732421875,0.1852567160699472,0.16549877896904946,0.04695286037950395,0.3382075410755872
/n/holylabs/kempner_dev/Users/hsafaai/Code/dendritic-modeling/drafts/dendritic-local-learning/local_sweep_runs/gradient_fidelity_vs_ie_nonnegativeinput_fix_20260409164042/results/config_13,config_13,45,mnist,dendritic_shunting,train,all_populations,exact_soma_blockwise_per_soma,2.0,1.1979527473449707,1.0,2.0065195560455322,1.2609467506408691,1.0,2.195985794067383,0.00066375732421875,0.5259929553541054,0.5777773678302764,0.4483059520132382,1.6192321342555005
/n/holylabs/kempner_dev/Users/hsafaai/Code/dendritic-modeling/drafts/dendritic-local-learning/local_sweep_runs/gradient_fidelity_vs_ie_nonnegativeinput_fix_20260409164042/results/config_13,config_13,45,mnist,dendritic_shunting,train,all_populations,approx_direct_code_per_soma,4.0,2.5971200466156006,1.0,19.999998092651367,3.119462013244629,1.0,20.0,0.05853271484375,0.12285980911843805,0.1322045110166073,0.06981198345791396,0.1409644314990557
/n/holylabs/kempner_dev/Users/hsafaai/Code/dendritic-modeling/drafts/dendritic-local-learning/local_sweep_runs/gradient_fidelity_vs_ie_nonnegativeinput_fix_20260409164042/results/config_13,config_13,45,mnist,dendritic_shunting,train,all_populations,exact_soma_blockwise_per_soma,4.0,2.5971200466156006,1.0,19.999998092651367,3.119462013244629,1.0,20.0,0.05853271484375,0.38654166072488305,0.5033677697181702,0.2921127795028681,0.67489369558237
/n/holylabs/kempner_dev/Users/hsafaai/Code/dendritic-modeling/drafts/dendritic-local-learning/local_sweep_runs/gradient_fidelity_vs_ie_nonnegativeinput_fix_20260409164042/results/config_13,config_13,45,mnist,dendritic_shunting,train,all_populations,approx_direct_code_per_soma,8.0,4.512613773345947,1.0,20.0,5.710658073425293,1.0,20.0,0.1774444580078125,0.22493324970819087,0.1866697184741497,0.11853155938568859,0.06346482778539567
/n/holylabs/kempner_dev/Users/hsafaai/Code/dendritic-modeling/drafts/dendritic-local-learning/local_sweep_runs/gradient_fidelity_vs_ie_nonnegativeinput_fix_20260409164042/results/config_13,config_13,45,mnist,dendritic_shunting,train,all_populations,exact_soma_blockwise_per_soma,8.0,4.512613773345947,1.0,20.0,5.710658073425293,1.0,20.0,0.1774444580078125,0.4409503305195812,0.5323996067047119,0.2631972045512787,0.3038497847158791
/n/holylabs/kempner_dev/Users/hsafaai/Code/dendritic-modeling/drafts/dendritic-local-learning/local_sweep_runs/gradient_fidelity_vs_ie_nonnegativeinput_fix_20260409164042/results/config_13,config_13,45,mnist,dendritic_shunting,valid,all_populations,approx_direct_code_per_soma,0.0,1.0,1.0,1.0,1.0,1.0,1.0,0.0,0.20215347027398675,0.21045344769954683,0.13376674675887823,0.47178554771317655
/n/holylabs/kempner_dev/Users/hsafaai/Code/dendritic-modeling/drafts/dendritic-local-learning/local_sweep_runs/gradient_fidelity_vs_ie_nonnegativeinput_fix_20260409164042/results/config_13,config_13,45,mnist,dendritic_shunting,valid,all_populations,exact_soma_blockwise_per_soma,0.0,1.0,1.0,1.0,1.0,1.0,1.0,0.0,0.4824150012118883,0.6162862479686737,0.42994474293112134,2.573132793858182
/n/holylabs/kempner_dev/Users/hsafaai/Code/dendritic-modeling/drafts/dendritic-local-learning/local_sweep_runs/gradient_fidelity_vs_ie_nonnegativeinput_fix_20260409164042/results/config_13,config_13,45,mnist,dendritic_shunting,valid,all_populations,approx_direct_code_per_soma,0.25,1.0111712217330933,1.0,1.0662882328033447,1.0149062871932983,1.0,1.0719826221466064,0.0,0.20409944883380754,0.21149179935455323,0.13450269629296233,0.465338017254989
/n/holylabs/kempner_dev/Users/hsafaai/Code/dendritic-modeling/drafts/dendritic-local-learning/local_sweep_runs/gradient_fidelity_vs_ie_nonnegativeinput_fix_20260409164042/results/config_13,config_13,45,mnist,dendritic_shunting,valid,all_populations,exact_soma_blockwise_per_soma,0.25,1.0111712217330933,1.0,1.0662882328033447,1.0149062871932983,1.0,1.0719826221466064,0.0,0.4822210808484203,0.6161827743053436,0.42931623168177785,2.5379677657182187
/n/holylabs/kempner_dev/Users/hsafaai/Code/dendritic-modeling/drafts/dendritic-local-learning/local_sweep_runs/gradient_fidelity_vs_ie_nonnegativeinput_fix_20260409164042/results/config_13,config_13,45,mnist,dendritic_shunting,valid,all_populations,approx_direct_code_per_soma,0.5,1.023836374282837,1.0,1.1419886350631714,1.031795859336853,1.0,1.1551320552825928,0.0,0.2060592062397307,0.21253750324249268,0.13523129488745006,0.4581703703268379
/n/holylabs/kempner_dev/Users/hsafaai/Code/dendritic-modeling/drafts/dendritic-local-learning/local_sweep_runs/gradient_fidelity_vs_ie_nonnegativeinput_fix_20260409164042/results/config_13,config_13,45,mnist,dendritic_shunting,valid,all_populations,exact_soma_blockwise_per_soma,0.5,1.023836374282837,1.0,1.1419886350631714,1.031795859336853,1.0,1.1551320552825928,0.0,0.48185159329874105,0.6159856200218201,0.4284339051297575,2.4988752003460486
/n/holylabs/kempner_dev/Users/hsafaai/Code/dendritic-modeling/drafts/dendritic-local-learning/local_sweep_runs/gradient_fidelity_vs_ie_nonnegativeinput_fix_20260409164042/results/config_13,config_13,45,mnist,dendritic_shunting,valid,all_populations,approx_direct_code_per_soma,1.0,1.0554054975509644,1.0,1.330971360206604,1.0738353729248047,1.0,1.3672341108322144,0.0,0.2099591111899372,0.21461844742298125,0.13658727103965404,0.44112581994613026
/n/holylabs/kempner_dev/Users/hsafaai/Code/dendritic-modeling/drafts/dendritic-local-learning/local_sweep_runs/gradient_fidelity_vs_ie_nonnegativeinput_fix_20260409164042/results/config_13,config_13,45,mnist,dendritic_shunting,valid,all_populations,exact_soma_blockwise_per_soma,1.0,1.0554054975509644,1.0,1.330971360206604,1.0738353729248047,1.0,1.3672341108322144,0.0,0.48044253174527235,0.6152337610721588,0.42564003991417537,2.405913701729244
/n/holylabs/kempner_dev/Users/hsafaai/Code/dendritic-modeling/drafts/dendritic-local-learning/local_sweep_runs/gradient_fidelity_vs_ie_nonnegativeinput_fix_20260409164042/results/config_13,config_13,45,mnist,dendritic_shunting,valid,all_populations,approx_direct_code_per_soma,2.0,1.1895785331726074,1.0,1.9894088506698608,1.2496106624603271,1.0,2.1607260704040527,0.00054931640625,0.21655917847299005,0.21814016699790956,0.1372304265365837,0.3889107580678329
/n/holylabs/kempner_dev/Users/hsafaai/Code/dendritic-modeling/drafts/dendritic-local-learning/local_sweep_runs/gradient_fidelity_vs_ie_nonnegativeinput_fix_20260409164042/results/config_13,config_13,45,mnist,dendritic_shunting,valid,all_populations,exact_soma_blockwise_per_soma,2.0,1.1895785331726074,1.0,1.9894088506698608,1.2496106624603271,1.0,2.1607260704040527,0.00054931640625,0.4730742058241035,0.6113021075725555,0.4119709330080652,2.1211311586784265
/n/holylabs/kempner_dev/Users/hsafaai/Code/dendritic-modeling/drafts/dendritic-local-learning/local_sweep_runs/gradient_fidelity_vs_ie_nonnegativeinput_fix_20260409164042/results/config_13,config_13,45,mnist,dendritic_shunting,valid,all_populations,approx_direct_code_per_soma,4.0,2.5654053688049316,1.0,19.999998092651367,3.0726897716522217,1.0,19.999998092651367,0.05704498291015625,0.18571596034969468,0.20168258249759674,0.08861355108860888,0.09733670051250122
/n/holylabs/kempner_dev/Users/hsafaai/Code/dendritic-modeling/drafts/dendritic-local-learning/local_sweep_runs/gradient_fidelity_vs_ie_nonnegativeinput_fix_20260409164042/results/config_13,config_13,45,mnist,dendritic_shunting,valid,all_populations,exact_soma_blockwise_per_soma,4.0,2.5654053688049316,1.0,19.999998092651367,3.0726897716522217,1.0,19.999998092651367,0.05704498291015625,0.36122219686014245,0.5516191691160202,0.22068820308384074,0.5308773389704118
/n/holylabs/kempner_dev/Users/hsafaai/Code/dendritic-modeling/drafts/dendritic-local-learning/local_sweep_runs/gradient_fidelity_vs_ie_nonnegativeinput_fix_20260409164042/results/config_13,config_13,45,mnist,dendritic_shunting,valid,all_populations,approx_direct_code_per_soma,8.0,4.408038139343262,1.0,20.0,5.559243679046631,1.0,20.0,0.17218017578125,0.22683632660197073,0.2236239343881607,0.1206422652831407,0.04715218279366743
/n/holylabs/kempner_dev/Users/hsafaai/Code/dendritic-modeling/drafts/dendritic-local-learning/local_sweep_runs/gradient_fidelity_vs_ie_nonnegativeinput_fix_20260409164042/results/config_13,config_13,45,mnist,dendritic_shunting,valid,all_populations,exact_soma_blockwise_per_soma,8.0,4.408038139343262,1.0,20.0,5.559243679046631,1.0,20.0,0.17218017578125,0.37059286782466083,0.5566192507743836,0.21509158826742772,0.2571694458138497
/n/holylabs/kempner_dev/Users/hsafaai/Code/dendritic-modeling/drafts/dendritic-local-learning/local_sweep_runs/gradient_fidelity_vs_ie_nonnegativeinput_fix_20260409164042/results/config_13,config_13,45,mnist,dendritic_shunting,test,all_populations,approx_direct_code_per_soma,0.0,1.0,1.0,1.0,1.0,1.0,1.0,0.0,0.14828971101468302,0.16503604799509047,0.16991220487793676,0.36525165322132147
/n/holylabs/kempner_dev/Users/hsafaai/Code/dendritic-modeling/drafts/dendritic-local-learning/local_sweep_runs/gradient_fidelity_vs_ie_nonnegativeinput_fix_20260409164042/results/config_13,config_13,45,mnist,dendritic_shunting,test,all_populations,exact_soma_blockwise_per_soma,0.0,1.0,1.0,1.0,1.0,1.0,1.0,0.0,0.5313462127252404,0.6219613075256347,0.4594501376486844,1.7881905063879304
/n/holylabs/kempner_dev/Users/hsafaai/Code/dendritic-modeling/drafts/dendritic-local-learning/local_sweep_runs/gradient_fidelity_vs_ie_nonnegativeinput_fix_20260409164042/results/config_13,config_13,45,mnist,dendritic_shunting,test,all_populations,approx_direct_code_per_soma,0.25,1.0105977058410645,1.0,1.064097285270691,1.0141551494598389,1.0,1.069787621498108,0.0,0.14711059477699706,0.16440688520669938,0.16940500657787785,0.3641826882661108
/n/holylabs/kempner_dev/Users/hsafaai/Code/dendritic-modeling/drafts/dendritic-local-learning/local_sweep_runs/gradient_fidelity_vs_ie_nonnegativeinput_fix_20260409164042/results/config_13,config_13,45,mnist,dendritic_shunting,test,all_populations,exact_soma_blockwise_per_soma,0.25,1.0105977058410645,1.0,1.064097285270691,1.0141551494598389,1.0,1.069787621498108,0.0,0.5322600736086112,0.6224489331245422,0.4607326402531139,1.782957092746375
/n/holylabs/kempner_dev/Users/hsafaai/Code/dendritic-modeling/drafts/dendritic-local-learning/local_sweep_runs/gradient_fidelity_vs_ie_nonnegativeinput_fix_20260409164042/results/config_13,config_13,45,mnist,dendritic_shunting,test,all_populations,approx_direct_code_per_soma,0.5,1.0225824117660522,1.0,1.1369740962982178,1.0301553010940552,1.0,1.1500468254089355,0.0,0.14584158650907386,0.16372975707054138,0.1688642495495233,0.36298513590594833
/n/holylabs/kempner_dev/Users/hsafaai/Code/dendritic-modeling/drafts/dendritic-local-learning/local_sweep_runs/gradient_fidelity_vs_ie_nonnegativeinput_fix_20260409164042/results/config_13,config_13,45,mnist,dendritic_shunting,test,all_populations,exact_soma_blockwise_per_soma,0.5,1.0225824117660522,1.0,1.1369740962982178,1.0301553010940552,1.0,1.1500468254089355,0.0,0.5332049773888758,0.6229531228542328,0.4621029692546804,1.7770941438932801
/n/holylabs/kempner_dev/Users/hsafaai/Code/dendritic-modeling/drafts/dendritic-local-learning/local_sweep_runs/gradient_fidelity_vs_ie_nonnegativeinput_fix_20260409164042/results/config_13,config_13,45,mnist,dendritic_shunting,test,all_populations,approx_direct_code_per_soma,1.0,1.0523053407669067,1.0,1.317427635192871,1.069801688194275,1.0,1.353070855140686,0.0,0.14299509305403052,0.16221090108156205,0.16766378497342144,0.3600802882179973
/n/holylabs/kempner_dev/Users/hsafaai/Code/dendritic-modeling/drafts/dendritic-local-learning/local_sweep_runs/gradient_fidelity_vs_ie_nonnegativeinput_fix_20260409164042/results/config_13,config_13,45,mnist,dendritic_shunting,test,all_populations,exact_soma_blockwise_per_soma,1.0,1.0523053407669067,1.0,1.317427635192871,1.069801688194275,1.0,1.353070855140686,0.0,0.5351892876150124,0.6240119278430939,0.4651618745743473,1.7628726584810033
/n/holylabs/kempner_dev/Users/hsafaai/Code/dendritic-modeling/drafts/dendritic-local-learning/local_sweep_runs/gradient_fidelity_vs_ie_nonnegativeinput_fix_20260409164042/results/config_13,config_13,45,mnist,dendritic_shunting,test,all_populations,approx_direct_code_per_soma,2.0,1.174824595451355,1.0,1.9300920963287354,1.2322057485580444,1.0,2.091529369354248,0.00043487548828125,0.13582483455479383,0.15838493406772614,0.16443371734269688,0.34995305675261174
/n/holylabs/kempner_dev/Users/hsafaai/Code/dendritic-modeling/drafts/dendritic-local-learning/local_sweep_runs/gradient_fidelity_vs_ie_nonnegativeinput_fix_20260409164042/results/config_13,config_13,45,mnist,dendritic_shunting,test,all_populations,exact_soma_blockwise_per_soma,2.0,1.174824595451355,1.0,1.9300920963287354,1.2322057485580444,1.0,2.091529369354248,0.00043487548828125,0.5397252368357077,0.6264322578907013,0.4735964236089957,1.7132919953883647
/n/holylabs/kempner_dev/Users/hsafaai/Code/dendritic-modeling/drafts/dendritic-local-learning/local_sweep_runs/gradient_fidelity_vs_ie_nonnegativeinput_fix_20260409164042/results/config_13,config_13,45,mnist,dendritic_shunting,test,all_populations,approx_direct_code_per_soma,4.0,2.4461679458618164,1.0,19.999998092651367,2.910928726196289,1.0,19.999998092651367,0.0520477294921875,0.09275088121691548,0.1354011707007885,0.10710402350368162,0.19238220806562967
/n/holylabs/kempner_dev/Users/hsafaai/Code/dendritic-modeling/drafts/dendritic-local-learning/local_sweep_runs/gradient_fidelity_vs_ie_nonnegativeinput_fix_20260409164042/results/config_13,config_13,45,mnist,dendritic_shunting,test,all_populations,exact_soma_blockwise_per_soma,4.0,2.4461679458618164,1.0,19.999998092651367,2.910928726196289,1.0,19.999998092651367,0.0520477294921875,0.45399088823462863,0.5806854009628296,0.3769526369194097,0.941860317473916
/n/holylabs/kempner_dev/Users/hsafaai/Code/dendritic-modeling/drafts/dendritic-local-learning/local_sweep_runs/gradient_fidelity_vs_ie_nonnegativeinput_fix_20260409164042/results/config_13,config_13,45,mnist,dendritic_shunting,test,all_populations,approx_direct_code_per_soma,8.0,4.265660285949707,1.0,20.0,5.374902248382568,1.0,20.0,0.16455078125,0.05123370570015622,0.11324808597564698,0.07020363676902153,0.09280152842488978
/n/holylabs/kempner_dev/Users/hsafaai/Code/dendritic-modeling/drafts/dendritic-local-learning/local_sweep_runs/gradient_fidelity_vs_ie_nonnegativeinput_fix_20260409164042/results/config_13,config_13,45,mnist,dendritic_shunting,test,all_populations,exact_soma_blockwise_per_soma,8.0,4.265660285949707,1.0,20.0,5.374902248382568,1.0,20.0,0.16455078125,0.42435503102868677,0.5648720502853394,0.3257613404301107,0.45433555370418366
/n/holylabs/kempner_dev/Users/hsafaai/Code/dendritic-modeling/drafts/dendritic-local-learning/local_sweep_runs/gradient_fidelity_vs_ie_nonnegativeinput_fix_20260409164042/results/config_14,config_14,46,mnist,dendritic_shunting,train,all_populations,approx_direct_code_per_soma,0.0,1.0,1.0,1.0,1.0,1.0,1.0,0.0,0.1858699212558716,0.2248520791530609,0.14302893046545767,0.5789947329344924
/n/holylabs/kempner_dev/Users/hsafaai/Code/dendritic-modeling/drafts/dendritic-local-learning/local_sweep_runs/gradient_fidelity_vs_ie_nonnegativeinput_fix_20260409164042/results/config_14,config_14,46,mnist,dendritic_shunting,train,all_populations,exact_soma_blockwise_per_soma,0.0,1.0,1.0,1.0,1.0,1.0,1.0,0.0,0.42058299995513554,0.5803218483924866,0.2868173490105458,3.059229722310946
/n/holylabs/kempner_dev/Users/hsafaai/Code/dendritic-modeling/drafts/dendritic-local-learning/local_sweep_runs/gradient_fidelity_vs_ie_nonnegativeinput_fix_20260409164042/results/config_14,config_14,46,mnist,dendritic_shunting,train,all_populations,approx_direct_code_per_soma,0.25,1.012852430343628,1.0,1.0735868215560913,1.0162675380706787,1.0,1.0785934925079346,0.0,0.18562710749200614,0.22472251653671266,0.14255215819037131,0.5746371050753192
/n/holylabs/kempner_dev/Users/hsafaai/Code/dendritic-modeling/drafts/dendritic-local-learning/local_sweep_runs/gradient_fidelity_vs_ie_nonnegativeinput_fix_20260409164042/results/config_14,config_14,46,mnist,dendritic_shunting,train,all_populations,exact_soma_blockwise_per_soma,0.25,1.012852430343628,1.0,1.0735868215560913,1.0162675380706787,1.0,1.0785934925079346,0.0,0.4210751287300748,0.580584442615509,0.28681935790073976,3.036205359726526
/n/holylabs/kempner_dev/Users/hsafaai/Code/dendritic-modeling/drafts/dendritic-local-learning/local_sweep_runs/gradient_fidelity_vs_ie_nonnegativeinput_fix_20260409164042/results/config_14,config_14,46,mnist,dendritic_shunting,train,all_populations,approx_direct_code_per_soma,0.5,1.0276033878326416,1.0,1.15886390209198,1.0348622798919678,1.0,1.1705944538116455,0.0,0.18529606889918507,0.2245458781719208,0.1419302739520802,0.5696964790068194
/n/holylabs/kempner_dev/Users/hsafaai/Code/dendritic-modeling/drafts/dendritic-local-learning/local_sweep_runs/gradient_fidelity_vs_ie_nonnegativeinput_fix_20260409164042/results/config_14,config_14,46,mnist,dendritic_shunting,train,all_populations,exact_soma_blockwise_per_soma,0.5,1.0276033878326416,1.0,1.15886390209198,1.0348622798919678,1.0,1.1705944538116455,0.0,0.4215823153765553,0.5808550715446472,0.2867806975776643,3.010100614284414
/n/holylabs/kempner_dev/Users/hsafaai/Code/dendritic-modeling/drafts/dendritic-local-learning/local_sweep_runs/gradient_fidelity_vs_ie_nonnegativeinput_fix_20260409164042/results/config_14,config_14,46,mnist,dendritic_shunting,train,all_populations,approx_direct_code_per_soma,1.0,1.065391182899475,1.0,1.3777364492416382,1.0820229053497314,1.0,1.4113659858703613,0.0,0.1842292723190262,0.22397664785385132,0.14003555949717153,0.5574513795353198
/n/holylabs/kempner_dev/Users/hsafaai/Code/dendritic-modeling/drafts/dendritic-local-learning/local_sweep_runs/gradient_fidelity_vs_ie_nonnegativeinput_fix_20260409164042/results/config_14,config_14,46,mnist,dendritic_shunting,train,all_populations,exact_soma_blockwise_per_soma,1.0,1.065391182899475,1.0,1.3777364492416382,1.0820229053497314,1.0,1.4113659858703613,0.0,0.42261792384295827,0.5814076602458954,0.2865314312696143,2.94540128262382
/n/holylabs/kempner_dev/Users/hsafaai/Code/dendritic-modeling/drafts/dendritic-local-learning/local_sweep_runs/gradient_fidelity_vs_ie_nonnegativeinput_fix_20260409164042/results/config_14,config_14,46,mnist,dendritic_shunting,train,all_populations,approx_direct_code_per_soma,2.0,1.2656164169311523,1.0,2.2140724658966064,1.3063137531280518,1.0,2.3976969718933105,0.00191497802734375,0.17766607615577273,0.22047460228204727,0.12920588087095033,0.5122152998594737
/n/holylabs/kempner_dev/Users/hsafaai/Code/dendritic-modeling/drafts/dendritic-local-learning/local_sweep_runs/gradient_fidelity_vs_ie_nonnegativeinput_fix_20260409164042/results/config_14,config_14,46,mnist,dendritic_shunting,train,all_populations,exact_soma_blockwise_per_soma,2.0,1.2656164169311523,1.0,2.2140724658966064,1.3063137531280518,1.0,2.3976969718933105,0.00191497802734375,0.4238206880881017,0.5820494413375854,0.28417789196480375,2.7063877794028297
/n/holylabs/kempner_dev/Users/hsafaai/Code/dendritic-modeling/drafts/dendritic-local-learning/local_sweep_runs/gradient_fidelity_vs_ie_nonnegativeinput_fix_20260409164042/results/config_14,config_14,46,mnist,dendritic_shunting,train,all_populations,approx_direct_code_per_soma,4.0,2.9431214332580566,1.0,20.0,3.4309844970703125,1.0,20.0,0.0754241943359375,0.10920332543403503,0.18394367024302483,0.04106112130394528,0.17641411691776657
/n/holylabs/kempner_dev/Users/hsafaai/Code/dendritic-modeling/drafts/dendritic-local-learning/local_sweep_runs/gradient_fidelity_vs_ie_nonnegativeinput_fix_20260409164042/results/config_14,config_14,46,mnist,dendritic_shunting,train,all_populations,exact_soma_blockwise_per_soma,4.0,2.9431214332580566,1.0,20.0,3.4309844970703125,1.0,20.0,0.0754241943359375,0.3352531976053914,0.5347908526659012,0.17639058069677546,0.9321178228595917
/n/holylabs/kempner_dev/Users/hsafaai/Code/dendritic-modeling/drafts/dendritic-local-learning/local_sweep_runs/gradient_fidelity_vs_ie_nonnegativeinput_fix_20260409164042/results/config_14,config_14,46,mnist,dendritic_shunting,train,all_populations,approx_direct_code_per_soma,8.0,4.708107948303223,1.0,20.0,5.766316890716553,1.0,20.0,0.18827056884765625,0.12362790484352416,0.1916404590010643,0.05144508355460705,0.08154511200174831
/n/holylabs/kempner_dev/Users/hsafaai/Code/dendritic-modeling/drafts/dendritic-local-learning/local_sweep_runs/gradient_fidelity_vs_ie_nonnegativeinput_fix_20260409164042/results/config_14,config_14,46,mnist,dendritic_shunting,train,all_populations,exact_soma_blockwise_per_soma,8.0,4.708107948303223,1.0,20.0,5.766316890716553,1.0,20.0,0.18827056884765625,0.3522333773578781,0.5438512802124024,0.1271970110413463,0.4308592395660843
/n/holylabs/kempner_dev/Users/hsafaai/Code/dendritic-modeling/drafts/dendritic-local-learning/local_sweep_runs/gradient_fidelity_vs_ie_nonnegativeinput_fix_20260409164042/results/config_14,config_14,46,mnist,dendritic_shunting,valid,all_populations,approx_direct_code_per_soma,0.0,1.0,1.0,1.0,0.9999999403953552,1.0,1.0,0.0,0.21562058967423153,0.2943454772233963,0.13629481475852337,0.48359668526544153
/n/holylabs/kempner_dev/Users/hsafaai/Code/dendritic-modeling/drafts/dendritic-local-learning/local_sweep_runs/gradient_fidelity_vs_ie_nonnegativeinput_fix_20260409164042/results/config_14,config_14,46,mnist,dendritic_shunting,valid,all_populations,exact_soma_blockwise_per_soma,0.0,1.0,1.0,1.0,0.9999999403953552,1.0,1.0,0.0,0.5583225007171175,0.6510597705841065,0.45955592435598563,2.530806431243395
/n/holylabs/kempner_dev/Users/hsafaai/Code/dendritic-modeling/drafts/dendritic-local-learning/local_sweep_runs/gradient_fidelity_vs_ie_nonnegativeinput_fix_20260409164042/results/config_14,config_14,46,mnist,dendritic_shunting,valid,all_populations,approx_direct_code_per_soma,0.25,1.0121835470199585,1.0,1.0716558694839478,1.0153988599777222,1.0,1.076094388961792,0.0,0.21658913029142585,0.29486227929592135,0.137460107038656,0.47965607848928155
/n/holylabs/kempner_dev/Users/hsafaai/Code/dendritic-modeling/drafts/dendritic-local-learning/local_sweep_runs/gradient_fidelity_vs_ie_nonnegativeinput_fix_20260409164042/results/config_14,config_14,46,mnist,dendritic_shunting,valid,all_populations,exact_soma_blockwise_per_soma,0.25,1.0121835470199585,1.0,1.0716558694839478,1.0153988599777222,1.0,1.076094388961792,0.0,0.5576624230559604,0.6507075607776642,0.4582250592732163,2.5101840546308813
/n/holylabs/kempner_dev/Users/hsafaai/Code/dendritic-modeling/drafts/dendritic-local-learning/local_sweep_runs/gradient_fidelity_vs_ie_nonnegativeinput_fix_20260409164042/results/config_14,config_14,46,mnist,dendritic_shunting,valid,all_populations,approx_direct_code_per_soma,0.5,1.0261423587799072,1.0,1.1543734073638916,1.032961130142212,1.0,1.164723515510559,0.0,0.2176220299048253,0.2954134225845337,0.13869996748959268,0.4752423755011712
/n/holylabs/kempner_dev/Users/hsafaai/Code/dendritic-modeling/drafts/dendritic-local-learning/local_sweep_runs/gradient_fidelity_vs_ie_nonnegativeinput_fix_20260409164042/results/config_14,config_14,46,mnist,dendritic_shunting,valid,all_populations,exact_soma_blockwise_per_soma,0.5,1.0261423587799072,1.0,1.1543734073638916,1.032961130142212,1.0,1.164723515510559,0.0,0.5568828542583967,0.6502915918827057,0.4566907716706661,2.487085823711915
/n/holylabs/kempner_dev/Users/hsafaai/Code/dendritic-modeling/drafts/dendritic-local-learning/local_sweep_runs/gradient_fidelity_vs_ie_nonnegativeinput_fix_20260409164042/results/config_14,config_14,46,mnist,dendritic_shunting,valid,all_populations,approx_direct_code_per_soma,1.0,1.0617709159851074,1.0,1.365110158920288,1.077275037765503,1.0,1.3944165706634521,0.0,0.21990735234492328,0.296632844209671,0.14142129440256374,0.4645775779541938
/n/holylabs/kempner_dev/Users/hsafaai/Code/dendritic-modeling/drafts/dendritic-local-learning/local_sweep_runs/gradient_fidelity_vs_ie_nonnegativeinput_fix_20260409164042/results/config_14,config_14,46,mnist,dendritic_shunting,valid,all_populations,exact_soma_blockwise_per_soma,1.0,1.0617709159851074,1.0,1.365110158920288,1.077275037765503,1.0,1.3944165706634521,0.0,0.5548641499770115,0.6492144346237183,0.4528383796826058,2.431273740953357
/n/holylabs/kempner_dev/Users/hsafaai/Code/dendritic-modeling/drafts/dendritic-local-learning/local_sweep_runs/gradient_fidelity_vs_ie_nonnegativeinput_fix_20260409164042/results/config_14,config_14,46,mnist,dendritic_shunting,valid,all_populations,approx_direct_code_per_soma,2.0,1.2448856830596924,1.0,2.150153160095215,1.2800670862197876,1.0,2.3025999069213867,0.00159454345703125,0.22450990025265757,0.29908871054649355,0.1447571361462434,0.42253802904335036
/n/holylabs/kempner_dev/Users/hsafaai/Code/dendritic-modeling/drafts/dendritic-local-learning/local_sweep_runs/gradient_fidelity_vs_ie_nonnegativeinput_fix_20260409164042/results/config_14,config_14,46,mnist,dendritic_shunting,valid,all_populations,exact_soma_blockwise_per_soma,2.0,1.2448856830596924,1.0,2.150153160095215,1.2800670862197876,1.0,2.3025999069213867,0.00159454345703125,0.5457607394765572,0.6443569600582123,0.4342294706395402,2.2112681784840134
/n/holylabs/kempner_dev/Users/hsafaai/Code/dendritic-modeling/drafts/dendritic-local-learning/local_sweep_runs/gradient_fidelity_vs_ie_nonnegativeinput_fix_20260409164042/results/config_14,config_14,46,mnist,dendritic_shunting,valid,all_populations,approx_direct_code_per_soma,4.0,2.8357391357421875,1.0,20.0,3.2950122356414795,1.0,20.0,0.07073974609375,0.21541502682811237,0.2942357912659645,0.1412618168285369,0.17768973352341033
/n/holylabs/kempner_dev/Users/hsafaai/Code/dendritic-modeling/drafts/dendritic-local-learning/local_sweep_runs/gradient_fidelity_vs_ie_nonnegativeinput_fix_20260409164042/results/config_14,config_14,46,mnist,dendritic_shunting,valid,all_populations,exact_soma_blockwise_per_soma,4.0,2.8357391357421875,1.0,20.0,3.2950122356414795,1.0,20.0,0.07073974609375,0.42064270658797004,0.5775954246520996,0.2715884542270705,0.9299036450593885
/n/holylabs/kempner_dev/Users/hsafaai/Code/dendritic-modeling/drafts/dendritic-local-learning/local_sweep_runs/gradient_fidelity_vs_ie_nonnegativeinput_fix_20260409164042/results/config_14,config_14,46,mnist,dendritic_shunting,valid,all_populations,approx_direct_code_per_soma,8.0,4.528781890869141,1.0,20.0,5.540642261505127,1.0,20.0,0.17859649658203125,0.20408911972881788,0.288192418217659,0.11554095388501145,0.058604452964628725
/n/holylabs/kempner_dev/Users/hsafaai/Code/dendritic-modeling/drafts/dendritic-local-learning/local_sweep_runs/gradient_fidelity_vs_ie_nonnegativeinput_fix_20260409164042/results/config_14,config_14,46,mnist,dendritic_shunting,valid,all_populations,exact_soma_blockwise_per_soma,8.0,4.528781890869141,1.0,20.0,5.540642261505127,1.0,20.0,0.17859649658203125,0.3408363839734598,0.5350116938352585,0.1562411995399582,0.306694671368506
/n/holylabs/kempner_dev/Users/hsafaai/Code/dendritic-modeling/drafts/dendritic-local-learning/local_sweep_runs/gradient_fidelity_vs_ie_nonnegativeinput_fix_20260409164042/results/config_14,config_14,46,mnist,dendritic_shunting,test,all_populations,approx_direct_code_per_soma,0.0,1.0,1.0,1.0,1.0,1.0,1.0,0.0,0.06014534841495681,0.07651157304644585,0.03400917539834584,0.3461098747509533
/n/holylabs/kempner_dev/Users/hsafaai/Code/dendritic-modeling/drafts/dendritic-local-learning/local_sweep_runs/gradient_fidelity_vs_ie_nonnegativeinput_fix_20260409164042/results/config_14,config_14,46,mnist,dendritic_shunting,test,all_populations,exact_soma_blockwise_per_soma,0.0,1.0,1.0,1.0,1.0,1.0,1.0,0.0,0.4869251869969159,0.614824253320694,0.3878993987622401,1.8685436173173864
/n/holylabs/kempner_dev/Users/hsafaai/Code/dendritic-modeling/drafts/dendritic-local-learning/local_sweep_runs/gradient_fidelity_vs_ie_nonnegativeinput_fix_20260409164042/results/config_14,config_14,46,mnist,dendritic_shunting,test,all_populations,approx_direct_code_per_soma,0.25,1.011637806892395,1.0,1.069812536239624,1.0146338939666748,1.0,1.0744168758392334,0.0,0.060617858252202374,0.0767636988312006,0.03361891768226451,0.3420804407252215
/n/holylabs/kempner_dev/Users/hsafaai/Code/dendritic-modeling/drafts/dendritic-local-learning/local_sweep_runs/gradient_fidelity_vs_ie_nonnegativeinput_fix_20260409164042/results/config_14,config_14,46,mnist,dendritic_shunting,test,all_populations,exact_soma_blockwise_per_soma,0.25,1.011637806892395,1.0,1.069812536239624,1.0146338939666748,1.0,1.0744168758392334,0.0,0.48775562637830633,0.6152673661708832,0.3907567339615111,1.8467899090893263
/n/holylabs/kempner_dev/Users/hsafaai/Code/dendritic-modeling/drafts/dendritic-local-learning/local_sweep_runs/gradient_fidelity_vs_ie_nonnegativeinput_fix_20260409164042/results/config_14,config_14,46,mnist,dendritic_shunting,test,all_populations,approx_direct_code_per_soma,0.5,1.0249534845352173,1.0,1.1501041650772095,1.0313080549240112,1.0,1.1607999801635742,0.0,0.06111594091848548,0.07702946998178958,0.03316555273203911,0.3373727752615852
/n/holylabs/kempner_dev/Users/hsafaai/Code/dendritic-modeling/drafts/dendritic-local-learning/local_sweep_runs/gradient_fidelity_vs_ie_nonnegativeinput_fix_20260409164042/results/config_14,config_14,46,mnist,dendritic_shunting,test,all_populations,exact_soma_blockwise_per_soma,0.5,1.0249534845352173,1.0,1.1501041650772095,1.0313080549240112,1.0,1.1607999801635742,0.0,0.48846880872886017,0.6156479120254517,0.3936557868147508,1.821374632334011
/n/holylabs/kempner_dev/Users/hsafaai/Code/dendritic-modeling/drafts/dendritic-local-learning/local_sweep_runs/gradient_fidelity_vs_ie_nonnegativeinput_fix_20260409164042/results/config_14,config_14,46,mnist,dendritic_shunting,test,all_populations,approx_direct_code_per_soma,1.0,1.0588411092758179,1.0,1.3532297611236572,1.073311686515808,1.0,1.383222222328186,0.0,0.0621789688418111,0.07759668938815593,0.03201297903473299,0.32524050989057823
/n/holylabs/kempner_dev/Users/hsafaai/Code/dendritic-modeling/drafts/dendritic-local-learning/local_sweep_runs/gradient_fidelity_vs_ie_nonnegativeinput_fix_20260409164042/results/config_14,config_14,46,mnist,dendritic_shunting,test,all_populations,exact_soma_blockwise_per_soma,1.0,1.0588411092758179,1.0,1.3532297611236572,1.073311686515808,1.0,1.383222222328186,0.0,0.48922183635225336,0.6160497188568115,0.3993513672627153,1.7558761629854898
/n/holylabs/kempner_dev/Users/hsafaai/Code/dendritic-modeling/drafts/dendritic-local-learning/local_sweep_runs/gradient_fidelity_vs_ie_nonnegativeinput_fix_20260409164042/results/config_14,config_14,46,mnist,dendritic_shunting,test,all_populations,approx_direct_code_per_soma,2.0,1.2317931652069092,1.0,2.092288017272949,1.2649118900299072,1.0,2.242659091949463,0.00146484375,0.06404147563227619,0.07859050147235394,0.028001440608852186,0.28096378907517644
/n/holylabs/kempner_dev/Users/hsafaai/Code/dendritic-modeling/drafts/dendritic-local-learning/local_sweep_runs/gradient_fidelity_vs_ie_nonnegativeinput_fix_20260409164042/results/config_14,config_14,46,mnist,dendritic_shunting,test,all_populations,exact_soma_blockwise_per_soma,2.0,1.2317931652069092,1.0,2.092288017272949,1.2649118900299072,1.0,2.242659091949463,0.00146484375,0.4820345735169977,0.6122146785259247,0.40586452007293083,1.516839400064772
/n/holylabs/kempner_dev/Users/hsafaai/Code/dendritic-modeling/drafts/dendritic-local-learning/local_sweep_runs/gradient_fidelity_vs_ie_nonnegativeinput_fix_20260409164042/results/config_14,config_14,46,mnist,dendritic_shunting,test,all_populations,approx_direct_code_per_soma,4.0,2.7354090213775635,1.0,20.0,3.162933111190796,1.0,20.0,0.06624603271484375,0.04745959937691214,0.06974260406568647,0.00430227793293017,0.062050381390509536
/n/holylabs/kempner_dev/Users/hsafaai/Code/dendritic-modeling/drafts/dendritic-local-learning/local_sweep_runs/gradient_fidelity_vs_ie_nonnegativeinput_fix_20260409164042/results/config_14,config_14,46,mnist,dendritic_shunting,test,all_populations,exact_soma_blockwise_per_soma,4.0,2.7354090213775635,1.0,20.0,3.162933111190796,1.0,20.0,0.06624603271484375,0.3816049431234717,0.558626589179039,0.31544844625423907,0.3349914364124244
/n/holylabs/kempner_dev/Users/hsafaai/Code/dendritic-modeling/drafts/dendritic-local-learning/local_sweep_runs/gradient_fidelity_vs_ie_nonnegativeinput_fix_20260409164042/results/config_14,config_14,46,mnist,dendritic_shunting,test,all_populations,approx_direct_code_per_soma,8.0,4.378451347351074,1.0,20.0,5.316151142120361,1.0,20.0,0.17046356201171875,0.05320160134142614,0.07280646990984678,0.0018607984210951898,0.040462277064307654
/n/holylabs/kempner_dev/Users/hsafaai/Code/dendritic-modeling/drafts/dendritic-local-learning/local_sweep_runs/gradient_fidelity_vs_ie_nonnegativeinput_fix_20260409164042/results/config_14,config_14,46,mnist,dendritic_shunting,test,all_populations,exact_soma_blockwise_per_soma,8.0,4.378451347351074,1.0,20.0,5.316151142120361,1.0,20.0,0.17046356201171875,0.383638487451105,0.5597116649150848,0.3034061397773784,0.2184437228352483
