config_id,model_type,ie_synapses,dataset,seed,strategy,broadcast_mode,layer_name,is_shunting,R_tot_mean,R_tot_std,R_tot_median,R_tot_q25,R_tot_q75,R_tot_max,R_tot_min,g_tot_mean,g_tot_std,voltage_mean,voltage_std,sensitivity_exc_mean,sensitivity_exc_std,sensitivity_inh_mean,sensitivity_inh_std
config_0,dendritic_shunting,2,mnist,42,local_ca,scalar,core_network.layers.0.excitatory_cells.branch_layers.0,True,0.7498750686645508,0.19081079959869385,0.7619749307632446,0.6377741098403931,0.8981231898069382,1.0,0.03751961514353752,1.6388486623764038,1.757016658782959,0.2769969403743744,0.21777717769145966,0.5698084235191345,0.27026963233947754,0.18006660044193268,0.1108197346329689
config_0,dendritic_shunting,2,mnist,42,local_ca,scalar,core_network.layers.0.excitatory_cells.branch_layers.1,True,0.020039938390254974,0.0011092695640400052,0.020340384915471077,0.020183284766972065,0.020487718284130096,0.021291032433509827,0.01348022185266018,50.08423614501953,3.3342795372009277,0.23693780601024628,0.21812407672405243,0.015276526100933552,0.004438295960426331,0.004763410892337561,0.004415855742990971
config_0,dendritic_shunting,2,mnist,42,local_ca,scalar,core_network.layers.0.excitatory_cells.branch_layers.2,True,0.019947469234466553,0.00016161463281605393,0.019898010417819023,0.019817993510514498,0.020074046682566404,0.020340673625469208,0.019752614200115204,50.134944915771484,0.4035625755786896,0.17491820454597473,0.209087073802948,0.016460413113236427,0.004177873022854328,0.003487054957076907,0.004165770951658487
config_1,dendritic_shunting,2,mnist,43,local_ca,scalar,core_network.layers.0.excitatory_cells.branch_layers.0,True,0.7802295088768005,0.18545113503932953,0.8090879917144775,0.6607854217290878,0.9354335218667984,1.0,0.05597410351037979,1.5077013969421387,1.4410558938980103,0.2298017144203186,0.20660673081874847,0.6293759942054749,0.2681747078895569,0.15085351467132568,0.1042650118470192
config_1,dendritic_shunting,2,mnist,43,local_ca,scalar,core_network.layers.0.excitatory_cells.branch_layers.1,True,0.019806958734989166,0.0013452523853629827,0.0203381460160017,0.020087250042706728,0.020507339388132095,0.021218983456492424,0.013473421335220337,50.75724792480469,3.980372905731201,0.21729548275470734,0.2233150452375412,0.015485449694097042,0.00454688211902976,0.004321510903537273,0.004488150589168072
config_1,dendritic_shunting,2,mnist,43,local_ca,scalar,core_network.layers.0.excitatory_cells.branch_layers.2,True,0.0199478380382061,0.00013951763685327023,0.019927510991692543,0.01986095169559121,0.019998198375105858,0.020262785255908966,0.019742164760828018,50.1331901550293,0.349007248878479,0.19240011274814606,0.2329939305782318,0.01610928401350975,0.004648758098483086,0.003838552627712488,0.004650015849620104
config_10,dendritic_shunting,5,mnist,44,local_ca,scalar,core_network.layers.0.excitatory_cells.branch_layers.0,True,0.5982989072799683,0.2893916666507721,0.6726977825164795,0.2713848948478699,0.834941178560257,1.0,0.05290616303682327,2.586724042892456,2.189572334289551,0.17713764309883118,0.1733442097902298,0.4881170094013214,0.27834388613700867,0.11018187552690506,0.10819754004478455
config_10,dendritic_shunting,5,mnist,44,local_ca,scalar,core_network.layers.0.excitatory_cells.branch_layers.1,True,0.019764892756938934,0.0008691038237884641,0.020127099007368088,0.019166845828294754,0.020477507263422012,0.020918196067214012,0.015811655670404434,50.69730758666992,2.335740089416504,0.16391591727733612,0.15986815094947815,0.016510887071490288,0.003198497463017702,0.00325400335714221,0.0032035852782428265
config_10,dendritic_shunting,5,mnist,44,local_ca,scalar,core_network.layers.0.excitatory_cells.branch_layers.2,True,0.02002592384815216,0.00020864087855443358,0.02002456784248352,0.019839491229504347,0.02015750575810671,0.020362742245197296,0.019713161513209343,49.940696716308594,0.5200063586235046,0.15574300289154053,0.16566185653209686,0.01690812036395073,0.003324048826470971,0.0031178039498627186,0.0033129085786640644
config_11,dendritic_shunting,5,mnist,45,local_ca,scalar,core_network.layers.0.excitatory_cells.branch_layers.0,True,0.5260744094848633,0.29436832666397095,0.5905238389968872,0.19938397035002708,0.7806660681962967,1.0,0.06394585967063904,3.110668182373047,2.477893352508545,0.16233281791210175,0.16685277223587036,0.43237918615341187,0.2717720866203308,0.09369513392448425,0.10189240425825119
config_11,dendritic_shunting,5,mnist,45,local_ca,scalar,core_network.layers.0.excitatory_cells.branch_layers.1,True,0.019842887297272682,0.0008569168276153505,0.020213041454553604,0.019166527781635523,0.020526380743831396,0.020931562408804893,0.01620357111096382,50.49491500854492,2.2962265014648438,0.15229617059230804,0.15895360708236694,0.016797387972474098,0.0031629237346351147,0.0030454983934760094,0.0032222538720816374
config_11,dendritic_shunting,5,mnist,45,local_ca,scalar,core_network.layers.0.excitatory_cells.branch_layers.2,True,0.02005361020565033,0.00020758711616508663,0.02002888172864914,0.019861902575939894,0.020272098015993834,0.020389048382639885,0.019785694777965546,49.871665954589844,0.5152736902236938,0.14505282044410706,0.1696326583623886,0.017140820622444153,0.0033949699718505144,0.0029127902816981077,0.0034137326292693615
config_12,dendritic_shunting,5,mnist,42,local_ca,per_soma,core_network.layers.0.excitatory_cells.branch_layers.0,True,0.6996079087257385,0.21323679387569427,0.7160592079162598,0.5872144550085068,0.8542779982089996,1.0,0.07758025825023651,1.726460576057434,1.1731631755828857,0.35654139518737793,0.23803545534610748,0.4741625487804413,0.2728375494480133,0.2254454344511032,0.12490511685609818
config_12,dendritic_shunting,5,mnist,42,local_ca,per_soma,core_network.layers.0.excitatory_cells.branch_layers.1,True,0.020105743780732155,0.0005663323681801558,0.02028637006878853,0.020043862983584404,0.020454703364521265,0.020929351449012756,0.01709895208477974,49.77836227416992,1.468184232711792,0.36294299364089966,0.2610355615615845,0.012803844176232815,0.005257883574813604,0.0073018972761929035,0.005264940671622753
config_12,dendritic_shunting,5,mnist,42,local_ca,per_soma,core_network.layers.0.excitatory_cells.branch_layers.2,True,0.020014895126223564,0.00011781537614297122,0.01996924728155136,0.019935403484851122,0.020085331052541733,0.020248055458068848,0.019844425842165947,49.96451187133789,0.2930716872215271,0.39664483070373535,0.26649919152259827,0.012076730839908123,0.005330318585038185,0.007938165217638016,0.00532765407115221
config_13,dendritic_shunting,5,mnist,43,local_ca,per_soma,core_network.layers.0.excitatory_cells.branch_layers.0,True,0.7276918292045593,0.22056232392787933,0.7640694975852966,0.6031574308872223,0.9066774100065231,1.0,0.09722863137722015,1.6554815769195557,1.0848201513290405,0.2683543860912323,0.22192978858947754,0.5550113916397095,0.2777211368083954,0.17268046736717224,0.11583766341209412
config_13,dendritic_shunting,5,mnist,43,local_ca,per_soma,core_network.layers.0.excitatory_cells.branch_layers.1,True,0.020028026774525642,0.0005962498835287988,0.020241335034370422,0.01993125258013606,0.020411738194525242,0.020811600610613823,0.01663362979888916,49.976680755615234,1.568284511566162,0.28989189863204956,0.2560451924800873,0.014225230552256107,0.005157191306352615,0.0058027952909469604,0.005126161966472864
config_13,dendritic_shunting,5,mnist,43,local_ca,per_soma,core_network.layers.0.excitatory_cells.branch_layers.2,True,0.019952667877078056,0.00010257190297124907,0.019952787086367607,0.01987701002508402,0.020022153854370117,0.020169883966445923,0.019777074456214905,50.11993408203125,0.2574354112148285,0.31150728464126587,0.26301923394203186,0.013738336972892284,0.005249999929219484,0.0062143318355083466,0.00524556078016758
config_14,dendritic_shunting,5,mnist,44,local_ca,per_soma,core_network.layers.0.excitatory_cells.branch_layers.0,True,0.5940912961959839,0.28724905848503113,0.6639791131019592,0.27046969532966614,0.8290915638208389,1.0,0.05356377735733986,2.590271234512329,2.171729803085327,0.20925939083099365,0.18705828487873077,0.46484804153442383,0.27304261922836304,0.12924323976039886,0.1176673024892807
config_14,dendritic_shunting,5,mnist,44,local_ca,per_soma,core_network.layers.0.excitatory_cells.branch_layers.1,True,0.019758017733693123,0.0008395385229960084,0.02011151984333992,0.019161362666636705,0.02043640101328492,0.020957963541150093,0.01585371233522892,50.70784378051758,2.2503914833068848,0.2158784568309784,0.18560931086540222,0.015473791398108006,0.003676796332001686,0.004284228198230267,0.0037196383345872164
config_14,dendritic_shunting,5,mnist,44,local_ca,per_soma,core_network.layers.0.excitatory_cells.branch_layers.2,True,0.019999517127871513,0.00016354098625015467,0.01998775452375412,0.019880762323737144,0.02011433942243457,0.02030157297849655,0.019744038581848145,50.004547119140625,0.40803271532058716,0.2671019732952118,0.1775665283203125,0.014656409621238708,0.0035511446185410023,0.0053431070409715176,0.003556222189217806
config_15,dendritic_shunting,5,mnist,45,local_ca,per_soma,core_network.layers.0.excitatory_cells.branch_layers.0,True,0.5221015810966492,0.2840198576450348,0.5761741995811462,0.21116933226585388,0.762524425983429,1.0,0.058434661477804184,3.0247504711151123,2.3405745029449463,0.22356057167053223,0.19741101562976837,0.3943382799625397,0.254144549369812,0.12776336073875427,0.12120352685451508
config_15,dendritic_shunting,5,mnist,45,local_ca,per_soma,core_network.layers.0.excitatory_cells.branch_layers.1,True,0.01984506845474243,0.0008415048941969872,0.020182279869914055,0.01919890148565173,0.020511302165687084,0.02097509428858757,0.015683436766266823,50.48579025268555,2.2545790672302246,0.247560054063797,0.21057277917861938,0.014898666180670261,0.004151110537350178,0.004946403205394745,0.004259656649082899
config_15,dendritic_shunting,5,mnist,45,local_ca,per_soma,core_network.layers.0.excitatory_cells.branch_layers.2,True,0.019990386441349983,0.00013764503819402307,0.019974417984485626,0.0199289433658123,0.020020236261188984,0.020278168842196465,0.01976567506790161,50.026405334472656,0.3431965112686157,0.31649622321128845,0.21584179997444153,0.013664500787854195,0.004317454062402248,0.006325886584818363,0.004311883356422186
config_16,dendritic_shunting,10,mnist,42,local_ca,scalar,core_network.layers.0.excitatory_cells.branch_layers.0,True,0.7165136337280273,0.19234396517276764,0.7326799631118774,0.5878163427114487,0.8659139573574066,1.0,0.18817369639873505,1.537183165550232,0.5712059140205383,0.25393298268318176,0.1972283124923706,0.552352786064148,0.24550679326057434,0.16416089236736298,0.10764700174331665
config_16,dendritic_shunting,10,mnist,42,local_ca,scalar,core_network.layers.0.excitatory_cells.branch_layers.1,True,0.02012818679213524,0.00031581410439684987,0.020189594477415085,0.0199611927382648,0.02035399852320552,0.02072884514927864,0.018447699025273323,49.69402313232422,0.793268620967865,0.21238486468791962,0.19696159660816193,0.0158541277050972,0.003975713159888983,0.0042740581557154655,0.003963446244597435
config_16,dendritic_shunting,10,mnist,42,local_ca,scalar,core_network.layers.0.excitatory_cells.branch_layers.2,True,0.019990544766187668,0.0001584315177751705,0.019976451992988586,0.019908173941075802,0.020054525695741177,0.020288778468966484,0.01969306729733944,50.02678298950195,0.395833283662796,0.15947206318378448,0.19556210935115814,0.016805831342935562,0.003919355571269989,0.0031847148202359676,0.003900970797985792
config_17,dendritic_shunting,10,mnist,43,local_ca,scalar,core_network.layers.0.excitatory_cells.branch_layers.0,True,0.7087763547897339,0.20348571240901947,0.7240526676177979,0.5527202486991882,0.8864626884460449,1.0,0.1564839482307434,1.5703389644622803,0.598246693611145,0.21434840559959412,0.1953977644443512,0.572219729423523,0.2487276792526245,0.13655655086040497,0.10603513568639755
config_17,dendritic_shunting,10,mnist,43,local_ca,scalar,core_network.layers.0.excitatory_cells.branch_layers.1,True,0.020103100687265396,0.00028446438955143094,0.020133741199970245,0.019937374629080296,0.020302122924476862,0.020703015848994255,0.01875150203704834,49.753639221191406,0.7117910385131836,0.2059132605791092,0.21244816482067108,0.01597290299832821,0.004300257191061974,0.004130199551582336,0.004250700585544109
config_17,dendritic_shunting,10,mnist,43,local_ca,scalar,core_network.layers.0.excitatory_cells.branch_layers.2,True,0.01988627202808857,0.0001474357704864815,0.01984259858727455,0.019774094223976135,0.01992493774741888,0.02026338130235672,0.01969071850180626,50.2886848449707,0.3695797324180603,0.1868014633655548,0.22454962134361267,0.01617005281150341,0.004464972764253616,0.0037162185180932283,0.004469902254641056
config_18,dendritic_shunting,10,mnist,44,local_ca,scalar,core_network.layers.0.excitatory_cells.branch_layers.0,True,0.6551632285118103,0.22217440605163574,0.6834094524383545,0.4654310345649719,0.8355301469564438,1.0,0.1250164657831192,1.7919119596481323,0.8667455911636353,0.17550262808799744,0.15721076726913452,0.5423368811607361,0.22882696986198425,0.1128263920545578,0.09889990091323853
config_18,dendritic_shunting,10,mnist,44,local_ca,scalar,core_network.layers.0.excitatory_cells.branch_layers.1,True,0.019997162744402885,0.00039738265331834555,0.020052682608366013,0.019739958457648754,0.020296544767916203,0.02077726274728775,0.018018165603280067,50.02710723876953,1.0076504945755005,0.1605830043554306,0.15200598537921906,0.0167839452624321,0.0030494704842567444,0.0032132191117852926,0.003044651122763753
config_18,dendritic_shunting,10,mnist,44,local_ca,scalar,core_network.layers.0.excitatory_cells.branch_layers.2,True,0.02003774605691433,0.00022298090334516019,0.020029287785291672,0.01983787165954709,0.020260902121663094,0.02037931978702545,0.019688531756401062,49.911991119384766,0.5552709698677063,0.15460941195487976,0.16579701006412506,0.016943518072366714,0.003344309749081731,0.0030942268203943968,0.003316344227641821
config_19,dendritic_shunting,10,mnist,45,local_ca,scalar,core_network.layers.0.excitatory_cells.branch_layers.0,True,0.5410861372947693,0.222774475812912,0.5181354284286499,0.3505161479115486,0.7233099639415741,1.0,0.11319589614868164,2.2541747093200684,1.096053957939148,0.16919954121112823,0.15840792655944824,0.4457750916481018,0.20990398526191711,0.09531103074550629,0.09606852382421494
config_19,dendritic_shunting,10,mnist,45,local_ca,scalar,core_network.layers.0.excitatory_cells.branch_layers.1,True,0.02000151202082634,0.00043513847049325705,0.020072925835847855,0.01973589602857828,0.020333586260676384,0.02077368274331093,0.017995081841945648,50.020301818847656,1.107480764389038,0.15977679193019867,0.1670200526714325,0.01679699867963791,0.003331961575895548,0.003204513108357787,0.0033637159503996372
config_19,dendritic_shunting,10,mnist,45,local_ca,scalar,core_network.layers.0.excitatory_cells.branch_layers.2,True,0.020065955817699432,0.00020717665029224008,0.02004517987370491,0.01988816959783435,0.020259424578398466,0.02038991078734398,0.019764801487326622,49.84096145629883,0.5144480466842651,0.15646551549434662,0.18196628987789154,0.01693275198340416,0.003675928572192788,0.003133204532787204,0.0036365478299558163
config_2,dendritic_shunting,2,mnist,44,local_ca,scalar,core_network.layers.0.excitatory_cells.branch_layers.0,True,0.654086709022522,0.30403080582618713,0.7378934621810913,0.5637006014585495,0.8824170529842377,1.0,0.0343925766646862,3.369710683822632,4.611350059509277,0.1836782693862915,0.18203283846378326,0.5344582200050354,0.306148499250412,0.11962839961051941,0.11057329177856445
config_2,dendritic_shunting,2,mnist,44,local_ca,scalar,core_network.layers.0.excitatory_cells.branch_layers.1,True,0.019634878262877464,0.0016601277748122811,0.020471496507525444,0.01931797293946147,0.020658819936215878,0.021129518747329712,0.013288136571645737,51.35054016113281,4.993889331817627,0.16961301863193512,0.1693653166294098,0.016280051320791245,0.0035490423906594515,0.0033548271749168634,0.003400857327505946
config_2,dendritic_shunting,2,mnist,44,local_ca,scalar,core_network.layers.0.excitatory_cells.branch_layers.2,True,0.020061152055859566,0.00021243069204501808,0.020055461674928665,0.019870101008564234,0.02027663169428706,0.020334092900156975,0.019720369949936867,49.853187561035156,0.5288122296333313,0.15794114768505096,0.16924349963665009,0.016896266490221024,0.0034098117612302303,0.003164884401485324,0.0033838956151157618
config_20,dendritic_shunting,10,mnist,42,local_ca,per_soma,core_network.layers.0.excitatory_cells.branch_layers.0,True,0.70834881067276,0.1852574199438095,0.7162699699401855,0.583897665143013,0.8480516970157623,1.0,0.19161631166934967,1.5407702922821045,0.5318405032157898,0.33826538920402527,0.21627235412597656,0.48883411288261414,0.24467264115810394,0.2195146530866623,0.11797302961349487
config_20,dendritic_shunting,10,mnist,42,local_ca,per_soma,core_network.layers.0.excitatory_cells.branch_layers.1,True,0.02009846456348896,0.0003057878348045051,0.020155763253569603,0.019930490758270025,0.020318932831287384,0.020716100931167603,0.01865454949438572,49.766727447509766,0.7678260207176208,0.35088488459587097,0.24748440086841583,0.013050799258053303,0.004987548105418682,0.007047662977129221,0.004965593572705984
config_20,dendritic_shunting,10,mnist,42,local_ca,per_soma,core_network.layers.0.excitatory_cells.branch_layers.2,True,0.02004222199320793,0.00014320507762022316,0.0200892873108387,0.01995911542326212,0.020126089453697205,0.02028501406311989,0.019709058105945587,49.89722442626953,0.3577142059803009,0.38200682401657104,0.2528057098388672,0.012386399321258068,0.005060790106654167,0.007655823137611151,0.005058671813458204
config_21,dendritic_shunting,10,mnist,43,local_ca,per_soma,core_network.layers.0.excitatory_cells.branch_layers.0,True,0.7077378034591675,0.19830097258090973,0.7207862138748169,0.554415225982666,0.8793219029903412,1.0,0.1583976149559021,1.5614135265350342,0.5691331028938293,0.2584107220172882,0.2093646079301834,0.5426454544067383,0.24969886243343353,0.1650923639535904,0.11304903030395508
config_21,dendritic_shunting,10,mnist,43,local_ca,per_soma,core_network.layers.0.excitatory_cells.branch_layers.1,True,0.020084990188479424,0.00029111356707289815,0.020124226808547974,0.01991019118577242,0.020288013853132725,0.020679909735918045,0.018677780404686928,49.799007415771484,0.730670154094696,0.27804267406463623,0.24641305208206177,0.014511579647660255,0.0049760309047997,0.00557341193780303,0.004926929250359535
config_21,dendritic_shunting,10,mnist,43,local_ca,per_soma,core_network.layers.0.excitatory_cells.branch_layers.2,True,0.01994447410106659,0.00011477476800791919,0.019947001710534096,0.019858045037835836,0.019991985987871885,0.020210951566696167,0.01980118453502655,50.1408576965332,0.2871202826499939,0.30585700273513794,0.25515156984329224,0.013842162676155567,0.005082194227725267,0.006102310493588448,0.0050900718197226524
config_22,dendritic_shunting,10,mnist,44,local_ca,per_soma,core_network.layers.0.excitatory_cells.branch_layers.0,True,0.6537403464317322,0.21531954407691956,0.6755625009536743,0.473997563123703,0.8271825462579727,1.0,0.1337510049343109,1.7712502479553223,0.8087741136550903,0.2175729125738144,0.17195096611976624,0.5141937732696533,0.22342434525489807,0.13954664766788483,0.10871747136116028
config_22,dendritic_shunting,10,mnist,44,local_ca,per_soma,core_network.layers.0.excitatory_cells.branch_layers.1,True,0.020007217302918434,0.00038306115311570466,0.020055614411830902,0.0197609793394804,0.020294637884944677,0.020734233781695366,0.018219614401459694,50.00052261352539,0.96943199634552,0.22610263526439667,0.18341496586799622,0.015481024980545044,0.0036736109759658575,0.004526190925389528,0.003675994463264942
config_22,dendritic_shunting,10,mnist,44,local_ca,per_soma,core_network.layers.0.excitatory_cells.branch_layers.2,True,0.019993750378489494,0.00016627104196231812,0.01996161788702011,0.019879376981407404,0.020131693221628666,0.02032282203435898,0.019724493846297264,50.01907730102539,0.4148879945278168,0.27657604217529297,0.17871016263961792,0.014463042840361595,0.003570807632058859,0.005530709866434336,0.003574061207473278
config_23,dendritic_shunting,10,mnist,45,local_ca,per_soma,core_network.layers.0.excitatory_cells.branch_layers.0,True,0.5494966506958008,0.21549077332019806,0.5353390574455261,0.3646385967731476,0.7196831256151199,1.0,0.10772183537483215,2.180229902267456,1.0193942785263062,0.23281358182430267,0.18507711589336395,0.4190937876701355,0.2050492912530899,0.13040277361869812,0.11124569177627563
config_23,dendritic_shunting,10,mnist,45,local_ca,per_soma,core_network.layers.0.excitatory_cells.branch_layers.1,True,0.020022094249725342,0.000405829370720312,0.02008076012134552,0.019772890955209732,0.02033913414925337,0.020741906017065048,0.01812419667840004,49.96568298339844,1.0292673110961914,0.2566756308078766,0.21398095786571503,0.014872129075229168,0.004268658813089132,0.005149965640157461,0.004308611620217562
config_23,dendritic_shunting,10,mnist,45,local_ca,per_soma,core_network.layers.0.excitatory_cells.branch_layers.2,True,0.020000308752059937,0.0001281496515730396,0.019999559968709946,0.01991392532363534,0.02010565996170044,0.020190127193927765,0.019693449139595032,50.00128936767578,0.32142558693885803,0.31229954957962036,0.22487175464630127,0.01374961156398058,0.004483606666326523,0.00625069672241807,0.004503477364778519
config_24,dendritic_shunting,20,mnist,42,local_ca,scalar,core_network.layers.0.excitatory_cells.branch_layers.0,True,0.7649269700050354,0.1424352526664734,0.7651408314704895,0.6598283052444458,0.8750779926776886,1.0,0.31767988204956055,1.3579270839691162,0.27963241934776306,0.23033981025218964,0.17547839879989624,0.6069069504737854,0.21705789864063263,0.15802001953125,0.09655041992664337
config_24,dendritic_shunting,20,mnist,42,local_ca,scalar,core_network.layers.0.excitatory_cells.branch_layers.1,True,0.02017202600836754,0.00018117511353921145,0.020170852541923523,0.02004816010594368,0.020296697039157152,0.020673170685768127,0.019543763250112534,49.57760238647461,0.445425808429718,0.19248799979686737,0.1795775145292282,0.016293445602059364,0.003638645401224494,0.0038785801734775305,0.00361210061237216
config_24,dendritic_shunting,20,mnist,42,local_ca,scalar,core_network.layers.0.excitatory_cells.branch_layers.2,True,0.019997375085949898,0.00016919882909860462,0.020020518451929092,0.019861251581460238,0.020097380969673395,0.020325344055891037,0.019683418795466423,50.01013946533203,0.4226340353488922,0.15321972966194153,0.18320541083812714,0.016935398802161217,0.0036700956989079714,0.0030619767494499683,0.0036566101480275393
config_25,dendritic_shunting,20,mnist,43,local_ca,scalar,core_network.layers.0.excitatory_cells.branch_layers.0,True,0.7440482974052429,0.1481100469827652,0.738845944404602,0.634490892291069,0.8608961999416351,1.0,0.29945212602615356,1.4034161567687988,0.30847224593162537,0.2083156406879425,0.182871013879776,0.6061734557151794,0.21763619780540466,0.13787487149238586,0.09984157979488373
config_25,dendritic_shunting,20,mnist,43,local_ca,scalar,core_network.layers.0.excitatory_cells.branch_layers.1,True,0.02013140171766281,0.00018575356807559729,0.020133070647716522,0.02000516466796398,0.020262204110622406,0.020681194961071014,0.019359800964593887,49.677879333496094,0.45902639627456665,0.19999714195728302,0.2031048834323883,0.016115929931402206,0.004118738230317831,0.004015468526631594,0.004063563421368599
config_25,dendritic_shunting,20,mnist,43,local_ca,scalar,core_network.layers.0.excitatory_cells.branch_layers.2,True,0.019947567954659462,0.00019328408234287053,0.019885500892996788,0.01980606187134981,0.02009122632443905,0.0204003918915987,0.01968945562839508,50.13609313964844,0.4822109043598175,0.184594064950943,0.22115664184093475,0.01626700349152088,0.004418357741087675,0.0036805651616305113,0.00440826453268528
config_26,dendritic_shunting,20,mnist,44,local_ca,scalar,core_network.layers.0.excitatory_cells.branch_layers.0,True,0.7357968091964722,0.14450961351394653,0.7354614734649658,0.6334207057952881,0.8433347344398499,1.0,0.2673881947994232,1.4187545776367188,0.3155575096607208,0.1761862188577652,0.14668627083301544,0.6128168106079102,0.18321648240089417,0.12297990918159485,0.09242620319128036
config_26,dendritic_shunting,20,mnist,44,local_ca,scalar,core_network.layers.0.excitatory_cells.branch_layers.1,True,0.02014336921274662,0.0002486240118741989,0.020149266347289085,0.019968011416494846,0.020334848202764988,0.02067413739860058,0.018957067281007767,49.65171813964844,0.6153078079223633,0.16157062351703644,0.1451312154531479,0.016894007101655006,0.0029525351710617542,0.0032493642065674067,0.002909825649112463
config_26,dendritic_shunting,20,mnist,44,local_ca,scalar,core_network.layers.0.excitatory_cells.branch_layers.2,True,0.020040802657604218,0.00022858812008053064,0.01998828537762165,0.01986293774098158,0.020260273944586515,0.020355049520730972,0.01965201459825039,49.904693603515625,0.569391667842865,0.1565552055835724,0.15538859367370605,0.016907503828406334,0.0031401284504681826,0.0031332976650446653,0.0031076353043317795
config_27,dendritic_shunting,20,mnist,45,local_ca,scalar,core_network.layers.0.excitatory_cells.branch_layers.0,True,0.6235771179199219,0.15964585542678833,0.6150569915771484,0.5005724132061005,0.7384081482887268,1.0,0.19632728397846222,1.7211322784423828,0.4833735525608063,0.17769646644592285,0.1498267650604248,0.5168302655220032,0.17686288058757782,0.10674687474966049,0.08686608076095581
config_27,dendritic_shunting,20,mnist,45,local_ca,scalar,core_network.layers.0.excitatory_cells.branch_layers.1,True,0.0201488696038723,0.00023371147108264267,0.020157724618911743,0.019982350058853626,0.020329588558524847,0.020721687003970146,0.019140608608722687,49.63727569580078,0.577693521976471,0.16832542419433594,0.16336601972579956,0.01675867661833763,0.003301256336271763,0.003390193684026599,0.0032873728778213263
config_27,dendritic_shunting,20,mnist,45,local_ca,scalar,core_network.layers.0.excitatory_cells.branch_layers.2,True,0.020010601729154587,0.0001966591808013618,0.019985072314739227,0.01983765559270978,0.020201088394969702,0.02037973515689373,0.01975209265947342,49.97831344604492,0.48898565769195557,0.1602872908115387,0.18279831111431122,0.016809675842523575,0.003685497213155031,0.0032009254209697247,0.0036460382398217916
config_28,dendritic_shunting,20,mnist,42,local_ca,per_soma,core_network.layers.0.excitatory_cells.branch_layers.0,True,0.7555373907089233,0.13890030980110168,0.7515425682067871,0.6517438441514969,0.859511062502861,1.0,0.317889541387558,1.3722360134124756,0.2719736397266388,0.31132256984710693,0.19321754574775696,0.540910542011261,0.22169551253318787,0.21462686359882355,0.1048799678683281
config_28,dendritic_shunting,20,mnist,42,local_ca,per_soma,core_network.layers.0.excitatory_cells.branch_layers.1,True,0.02015685848891735,0.00018224534869659692,0.020155584439635277,0.020032177679240704,0.020284409634768963,0.020671743899583817,0.019492853432893753,49.614967346191406,0.44876039028167725,0.32029518485069275,0.22600328922271729,0.013708780519664288,0.004575555678457022,0.006448077969253063,0.004538660869002342
config_28,dendritic_shunting,20,mnist,42,local_ca,per_soma,core_network.layers.0.excitatory_cells.branch_layers.2,True,0.02002672478556633,0.00014837058552075177,0.02004869282245636,0.0198942543938756,0.02014102367684245,0.020296333357691765,0.019724173471331596,49.93601989746094,0.370295912027359,0.3520606458187103,0.2330913543701172,0.012977922335267067,0.004668623208999634,0.007048803381621838,0.004660097882151604
config_29,dendritic_shunting,20,mnist,43,local_ca,per_soma,core_network.layers.0.excitatory_cells.branch_layers.0,True,0.7426171898841858,0.14584781229496002,0.7377542853355408,0.6335432529449463,0.8564855009317398,1.0,0.3053102493286133,1.4041179418563843,0.3021850287914276,0.25553983449935913,0.19775192439556122,0.5723788142204285,0.22353605926036835,0.17023828625679016,0.10682997852563858
config_29,dendritic_shunting,20,mnist,43,local_ca,per_soma,core_network.layers.0.excitatory_cells.branch_layers.1,True,0.020131191238760948,0.00018597464077174664,0.02013818733394146,0.019999714568257332,0.02026467164978385,0.020667826756834984,0.019311312586069107,49.678409576416016,0.4598500728607178,0.2790102958679199,0.23933625221252441,0.014527241699397564,0.004846019670367241,0.005603948142379522,0.004790970124304295
config_29,dendritic_shunting,20,mnist,43,local_ca,per_soma,core_network.layers.0.excitatory_cells.branch_layers.2,True,0.019940368831157684,8.384307875530794e-05,0.019927024841308594,0.01985860476270318,0.020025933627039194,0.02007365971803665,0.019798237830400467,50.150413513183594,0.21080224215984344,0.3119247555732727,0.245832160115242,0.013719089329242706,0.00489692110568285,0.006221280433237553,0.004902236629277468
config_3,dendritic_shunting,2,mnist,45,local_ca,scalar,core_network.layers.0.excitatory_cells.branch_layers.0,True,0.6247282028198242,0.30950018763542175,0.7190088033676147,0.4855581372976303,0.857095405459404,1.0,0.034090958535671234,3.718536138534546,4.980556964874268,0.17345309257507324,0.1773069202899933,0.5163252353668213,0.30672913789749146,0.10840290784835815,0.10255248099565506
config_3,dendritic_shunting,2,mnist,45,local_ca,scalar,core_network.layers.0.excitatory_cells.branch_layers.1,True,0.019814107567071915,0.001490468275733292,0.020458027720451355,0.02014052588492632,0.02064439468085766,0.021092204377055168,0.013404183089733124,50.80324172973633,4.454615592956543,0.1628134399652481,0.1724332869052887,0.016548937186598778,0.003542165271937847,0.0032651687506586313,0.0035183043219149113
config_3,dendritic_shunting,2,mnist,45,local_ca,scalar,core_network.layers.0.excitatory_cells.branch_layers.2,True,0.020036475732922554,0.0001731685479171574,0.020030425861477852,0.01986114727333188,0.02020853152498603,0.020337626338005066,0.01978154666721821,49.91270065307617,0.4307892322540283,0.1517365276813507,0.17358745634555817,0.016994241625070572,0.003477538237348199,0.0030422345735132694,0.0034860174637287855
config_30,dendritic_shunting,20,mnist,44,local_ca,per_soma,core_network.layers.0.excitatory_cells.branch_layers.0,True,0.7380790114402771,0.14144070446491241,0.737046480178833,0.6371391117572784,0.842381939291954,1.0,0.24207481741905212,1.410757064819336,0.30221161246299744,0.2173105925321579,0.1591947078704834,0.5858290195465088,0.18716274201869965,0.15224997699260712,0.09975729882717133
config_30,dendritic_shunting,20,mnist,44,local_ca,per_soma,core_network.layers.0.excitatory_cells.branch_layers.1,True,0.020139724016189575,0.00024689408019185066,0.0201403945684433,0.019963746424764395,0.020333785098046064,0.020679954439401627,0.019006842747330666,49.66060256958008,0.6109035611152649,0.22446861863136292,0.17341771721839905,0.015624402090907097,0.003514729905873537,0.004515320993959904,0.0034789512865245342
config_30,dendritic_shunting,20,mnist,44,local_ca,per_soma,core_network.layers.0.excitatory_cells.branch_layers.2,True,0.019983891397714615,0.00015770770551171154,0.019952118396759033,0.0198911065235734,0.020088753197342157,0.020280659198760986,0.019686207175254822,50.04341506958008,0.39439281821250916,0.26648736000061035,0.16697774827480316,0.014656094834208488,0.0033271347638219595,0.005327797029167414,0.003339371643960476
config_31,dendritic_shunting,20,mnist,45,local_ca,per_soma,core_network.layers.0.excitatory_cells.branch_layers.0,True,0.6438310742378235,0.15611670911312103,0.6366039514541626,0.5251007676124573,0.755817785859108,1.0,0.2060738205909729,1.654885172843933,0.4399385154247284,0.24168053269386292,0.17792744934558868,0.496520459651947,0.18870685994625092,0.14731064438819885,0.10009917616844177
config_31,dendritic_shunting,20,mnist,45,local_ca,per_soma,core_network.layers.0.excitatory_cells.branch_layers.1,True,0.020132726058363914,0.00023320992477238178,0.02013518661260605,0.01997155323624611,0.02030609454959631,0.02070813998579979,0.019146986305713654,49.67705154418945,0.5770810842514038,0.2624017596244812,0.21191824972629547,0.01485389657318592,0.004276731051504612,0.005278831347823143,0.00425470108166337
config_31,dendritic_shunting,20,mnist,45,local_ca,per_soma,core_network.layers.0.excitatory_cells.branch_layers.2,True,0.019994454458355904,0.00015803106362000108,0.01996614970266819,0.019903261680155993,0.02009203750640154,0.02028782293200493,0.019681407138705254,50.01698684692383,0.39516764879226685,0.31521400809288025,0.22327595949172974,0.013693642802536488,0.00447233859449625,0.006300813052803278,0.004463777877390385
config_32,dendritic_additive,2,mnist,42,local_ca,scalar,core_network.layers.0.excitatory_cells.branch_layers.0,False,1.0,0.0,1.0,1.0,1.0,1.0,1.0,1.0,0.0,0.45981699228286743,0.11775599420070648,0.5401830077171326,0.11775599420070648,0.45981699228286743,0.11775599420070648
config_32,dendritic_additive,2,mnist,42,local_ca,scalar,core_network.layers.0.excitatory_cells.branch_layers.1,False,1.0,0.0,1.0,1.0,1.0,1.0,1.0,1.0,0.0,0.5026692748069763,0.12464667111635208,0.49733078479766846,0.12464667856693268,0.5026692748069763,0.12464667111635208
config_32,dendritic_additive,2,mnist,42,local_ca,scalar,core_network.layers.0.excitatory_cells.branch_layers.2,False,1.0,0.0,1.0,1.0,1.0,1.0,1.0,1.0,0.0,0.5454322099685669,0.009636715054512024,0.4545677602291107,0.009636715054512024,0.5454322099685669,0.009636715054512024
config_33,dendritic_additive,2,mnist,43,local_ca,scalar,core_network.layers.0.excitatory_cells.branch_layers.0,False,1.0,0.0,1.0,1.0,1.0,1.0,1.0,1.0,0.0,0.4487343728542328,0.13431097567081451,0.5512656569480896,0.1343109905719757,0.4487343728542328,0.13431097567081451
config_33,dendritic_additive,2,mnist,43,local_ca,scalar,core_network.layers.0.excitatory_cells.branch_layers.1,False,1.0,0.0,1.0,1.0,1.0,1.0,1.0,1.0,0.0,0.4809885025024414,0.1368265002965927,0.5190114974975586,0.1368265002965927,0.4809885025024414,0.1368265002965927
config_33,dendritic_additive,2,mnist,43,local_ca,scalar,core_network.layers.0.excitatory_cells.branch_layers.2,False,1.0,0.0,1.0,1.0,1.0,1.0,1.0,1.0,0.0,0.5425540804862976,0.010843317955732346,0.4574459195137024,0.010843317955732346,0.5425540804862976,0.010843317955732346
config_34,dendritic_additive,2,mnist,44,local_ca,scalar,core_network.layers.0.excitatory_cells.branch_layers.0,False,1.0,0.0,1.0,1.0,1.0,1.0,1.0,1.0,0.0,0.4732581377029419,0.10157810151576996,0.5267418622970581,0.10157810151576996,0.4732581377029419,0.10157810151576996
config_34,dendritic_additive,2,mnist,44,local_ca,scalar,core_network.layers.0.excitatory_cells.branch_layers.1,False,1.0,0.0,1.0,1.0,1.0,1.0,1.0,1.0,0.0,0.53053879737854,0.09089100360870361,0.4694611728191376,0.09089100360870361,0.53053879737854,0.09089100360870361
config_34,dendritic_additive,2,mnist,44,local_ca,scalar,core_network.layers.0.excitatory_cells.branch_layers.2,False,1.0,0.0,1.0,1.0,1.0,1.0,1.0,1.0,0.0,0.5501706004142761,0.0073469253256917,0.4498293995857239,0.0073469253256917,0.5501706004142761,0.0073469253256917
config_35,dendritic_additive,2,mnist,45,local_ca,scalar,core_network.layers.0.excitatory_cells.branch_layers.0,False,1.0,0.0,1.0,1.0,1.0,1.0,1.0,1.0,0.0,0.4567939043045044,0.1172923594713211,0.5432060956954956,0.1172923669219017,0.4567939043045044,0.1172923594713211
config_35,dendritic_additive,2,mnist,45,local_ca,scalar,core_network.layers.0.excitatory_cells.branch_layers.1,False,1.0,0.0,1.0,1.0,1.0,1.0,1.0,1.0,0.0,0.5248280763626099,0.09442269057035446,0.47517192363739014,0.09442269057035446,0.5248280763626099,0.09442269057035446
config_35,dendritic_additive,2,mnist,45,local_ca,scalar,core_network.layers.0.excitatory_cells.branch_layers.2,False,1.0,0.0,1.0,1.0,1.0,1.0,1.0,1.0,0.0,0.5486022233963013,0.008672061376273632,0.4513978064060211,0.008672061376273632,0.5486022233963013,0.008672061376273632
config_36,dendritic_additive,2,mnist,42,local_ca,per_soma,core_network.layers.0.excitatory_cells.branch_layers.0,False,1.0,0.0,1.0,1.0,1.0,1.0,1.0,1.0,0.0,0.4603532552719116,0.11650394648313522,0.5396468043327332,0.11650394648313522,0.4603532552719116,0.11650394648313522
config_36,dendritic_additive,2,mnist,42,local_ca,per_soma,core_network.layers.0.excitatory_cells.branch_layers.1,False,1.0,0.0,1.0,1.0,1.0,1.0,1.0,1.0,0.0,0.5072055459022522,0.11932411789894104,0.4927944839000702,0.11932411044836044,0.5072055459022522,0.11932411789894104
config_36,dendritic_additive,2,mnist,42,local_ca,per_soma,core_network.layers.0.excitatory_cells.branch_layers.2,False,1.0,0.0,1.0,1.0,1.0,1.0,1.0,1.0,0.0,0.5504652261734009,0.011597870849072933,0.4495348036289215,0.011597870849072933,0.5504652261734009,0.011597870849072933
config_37,dendritic_additive,2,mnist,43,local_ca,per_soma,core_network.layers.0.excitatory_cells.branch_layers.0,False,1.0,0.0,1.0,1.0,1.0,1.0,1.0,1.0,0.0,0.45278194546699524,0.13032744824886322,0.5472180843353271,0.13032744824886322,0.45278194546699524,0.13032744824886322
config_37,dendritic_additive,2,mnist,43,local_ca,per_soma,core_network.layers.0.excitatory_cells.branch_layers.1,False,1.0,0.0,1.0,1.0,1.0,1.0,1.0,1.0,0.0,0.48665952682495117,0.13179084658622742,0.5133404731750488,0.13179084658622742,0.48665952682495117,0.13179084658622742
config_37,dendritic_additive,2,mnist,43,local_ca,per_soma,core_network.layers.0.excitatory_cells.branch_layers.2,False,1.0,0.0,1.0,1.0,1.0,1.0,1.0,1.0,0.0,0.5477681756019592,0.012460225261747837,0.45223182439804077,0.012460225261747837,0.5477681756019592,0.012460225261747837
config_38,dendritic_additive,2,mnist,44,local_ca,per_soma,core_network.layers.0.excitatory_cells.branch_layers.0,False,1.0,0.0,1.0,1.0,1.0,1.0,1.0,1.0,0.0,0.47785326838493347,0.09835939109325409,0.5221467614173889,0.09835939109325409,0.47785326838493347,0.09835939109325409
config_38,dendritic_additive,2,mnist,44,local_ca,per_soma,core_network.layers.0.excitatory_cells.branch_layers.1,False,1.0,0.0,1.0,1.0,1.0,1.0,1.0,1.0,0.0,0.5381386876106262,0.0833708867430687,0.4618613123893738,0.0833708867430687,0.5381386876106262,0.0833708867430687
config_38,dendritic_additive,2,mnist,44,local_ca,per_soma,core_network.layers.0.excitatory_cells.branch_layers.2,False,1.0,0.0,1.0,1.0,1.0,1.0,1.0,1.0,0.0,0.5555242300033569,0.008167671039700508,0.44447579979896545,0.008167671971023083,0.5555242300033569,0.008167671039700508
config_39,dendritic_additive,2,mnist,45,local_ca,per_soma,core_network.layers.0.excitatory_cells.branch_layers.0,False,1.0,0.0,1.0,1.0,1.0,1.0,1.0,1.0,0.0,0.45771780610084534,0.11697517335414886,0.5422821640968323,0.11697518080472946,0.45771780610084534,0.11697517335414886
config_39,dendritic_additive,2,mnist,45,local_ca,per_soma,core_network.layers.0.excitatory_cells.branch_layers.1,False,1.0,0.0,1.0,1.0,1.0,1.0,1.0,1.0,0.0,0.5284337401390076,0.08957917988300323,0.47156623005867004,0.08957917988300323,0.5284337401390076,0.08957917988300323
config_39,dendritic_additive,2,mnist,45,local_ca,per_soma,core_network.layers.0.excitatory_cells.branch_layers.2,False,1.0,0.0,1.0,1.0,1.0,1.0,1.0,1.0,0.0,0.5534583926200867,0.010048148222267628,0.44654160737991333,0.010048148222267628,0.5534583926200867,0.010048148222267628
config_4,dendritic_shunting,2,mnist,42,local_ca,per_soma,core_network.layers.0.excitatory_cells.branch_layers.0,True,0.729715883731842,0.19082611799240112,0.7342829704284668,0.6150753051042557,0.8710262924432755,1.0,0.03747696056962013,1.6887527704238892,1.8117499351501465,0.3667897582054138,0.24037981033325195,0.49324890971183777,0.27565473318099976,0.23646701872348785,0.11997266113758087
config_4,dendritic_shunting,2,mnist,42,local_ca,per_soma,core_network.layers.0.excitatory_cells.branch_layers.1,True,0.0200490765273571,0.00107379665132612,0.020327985286712646,0.020160708110779524,0.020481424406170845,0.021310411393642426,0.013443177565932274,50.05012130737305,3.2337522506713867,0.3826207220554352,0.26962020993232727,0.012357737869024277,0.00543447770178318,0.007691339589655399,0.005462631117552519
config_4,dendritic_shunting,2,mnist,42,local_ca,per_soma,core_network.layers.0.excitatory_cells.branch_layers.2,True,0.01998216286301613,0.00012746857828460634,0.020014023408293724,0.019905660767108202,0.020078616216778755,0.02020450122654438,0.019729621708393097,50.04667282104492,0.32012301683425903,0.41376954317092896,0.2702200412750244,0.011712469160556793,0.005396950524300337,0.008269693702459335,0.005402775481343269
config_40,dendritic_additive,5,mnist,42,local_ca,scalar,core_network.layers.0.excitatory_cells.branch_layers.0,False,1.0,0.0,1.0,1.0,1.0,1.0,1.0,1.0,0.0,0.469908744096756,0.05961458757519722,0.5300912857055664,0.05961458757519722,0.469908744096756,0.05961458757519722
config_40,dendritic_additive,5,mnist,42,local_ca,scalar,core_network.layers.0.excitatory_cells.branch_layers.1,False,1.0,0.0,1.0,1.0,1.0,1.0,1.0,1.0,0.0,0.5050328969955444,0.070174440741539,0.49496713280677795,0.070174440741539,0.5050328969955444,0.070174440741539
config_40,dendritic_additive,5,mnist,42,local_ca,scalar,core_network.layers.0.excitatory_cells.branch_layers.2,False,1.0,0.0,1.0,1.0,1.0,1.0,1.0,1.0,0.0,0.5462610125541687,0.005662099923938513,0.4537389874458313,0.005662099923938513,0.5462610125541687,0.005662099923938513
config_41,dendritic_additive,5,mnist,43,local_ca,scalar,core_network.layers.0.excitatory_cells.branch_layers.0,False,1.0,0.0,1.0,1.0,1.0,1.0,1.0,1.0,0.0,0.46374809741973877,0.06480510532855988,0.5362519025802612,0.06480509787797928,0.46374809741973877,0.06480510532855988
config_41,dendritic_additive,5,mnist,43,local_ca,scalar,core_network.layers.0.excitatory_cells.branch_layers.1,False,1.0,0.0,1.0,1.0,1.0,1.0,1.0,1.0,0.0,0.5061125159263611,0.06781958788633347,0.4938875138759613,0.06781958788633347,0.5061125159263611,0.06781958788633347
config_41,dendritic_additive,5,mnist,43,local_ca,scalar,core_network.layers.0.excitatory_cells.branch_layers.2,False,1.0,0.0,1.0,1.0,1.0,1.0,1.0,1.0,0.0,0.546155571937561,0.006333425175398588,0.4538443982601166,0.006333425175398588,0.546155571937561,0.006333425175398588
config_42,dendritic_additive,5,mnist,44,local_ca,scalar,core_network.layers.0.excitatory_cells.branch_layers.0,False,1.0,0.0,1.0,1.0,1.0,1.0,1.0,1.0,0.0,0.47761070728302,0.0579155869781971,0.52238929271698,0.0579155869781971,0.47761070728302,0.0579155869781971
config_42,dendritic_additive,5,mnist,44,local_ca,scalar,core_network.layers.0.excitatory_cells.branch_layers.1,False,1.0,0.0,1.0,1.0,1.0,1.0,1.0,1.0,0.0,0.5335438847541809,0.04741045460104942,0.4664561450481415,0.04741045460104942,0.5335438847541809,0.04741045460104942
config_42,dendritic_additive,5,mnist,44,local_ca,scalar,core_network.layers.0.excitatory_cells.branch_layers.2,False,1.0,0.0,1.0,1.0,1.0,1.0,1.0,1.0,0.0,0.5504991412162781,0.004036166705191135,0.4495008587837219,0.004036166705191135,0.5504991412162781,0.004036166705191135
config_43,dendritic_additive,5,mnist,45,local_ca,scalar,core_network.layers.0.excitatory_cells.branch_layers.0,False,1.0,0.0,1.0,1.0,1.0,1.0,1.0,1.0,0.0,0.4773913025856018,0.057833895087242126,0.5226086378097534,0.057833895087242126,0.4773913025856018,0.057833895087242126
config_43,dendritic_additive,5,mnist,45,local_ca,scalar,core_network.layers.0.excitatory_cells.branch_layers.1,False,1.0,0.0,1.0,1.0,1.0,1.0,1.0,1.0,0.0,0.5194559693336487,0.06337439268827438,0.4805440306663513,0.06337438523769379,0.5194559693336487,0.06337439268827438
config_43,dendritic_additive,5,mnist,45,local_ca,scalar,core_network.layers.0.excitatory_cells.branch_layers.2,False,1.0,0.0,1.0,1.0,1.0,1.0,1.0,1.0,0.0,0.5476824641227722,0.0058713494800031185,0.45231756567955017,0.0058713494800031185,0.5476824641227722,0.0058713494800031185
config_44,dendritic_additive,5,mnist,42,local_ca,per_soma,core_network.layers.0.excitatory_cells.branch_layers.0,False,1.0,0.0,1.0,1.0,1.0,1.0,1.0,1.0,0.0,0.47065913677215576,0.059373605996370316,0.5293408632278442,0.059373605996370316,0.47065913677215576,0.059373605996370316
config_44,dendritic_additive,5,mnist,42,local_ca,per_soma,core_network.layers.0.excitatory_cells.branch_layers.1,False,1.0,0.0,1.0,1.0,1.0,1.0,1.0,1.0,0.0,0.5052769780158997,0.07011454552412033,0.49472299218177795,0.07011454552412033,0.5052769780158997,0.07011454552412033
config_44,dendritic_additive,5,mnist,42,local_ca,per_soma,core_network.layers.0.excitatory_cells.branch_layers.2,False,1.0,0.0,1.0,1.0,1.0,1.0,1.0,1.0,0.0,0.5499536395072937,0.0063525112345814705,0.4500463604927063,0.0063525112345814705,0.5499536395072937,0.0063525112345814705
config_45,dendritic_additive,5,mnist,43,local_ca,per_soma,core_network.layers.0.excitatory_cells.branch_layers.0,False,1.0,0.0,1.0,1.0,1.0,1.0,1.0,1.0,0.0,0.46446311473846436,0.06420793384313583,0.5355368256568909,0.06420793384313583,0.46446311473846436,0.06420793384313583
config_45,dendritic_additive,5,mnist,43,local_ca,per_soma,core_network.layers.0.excitatory_cells.branch_layers.1,False,1.0,0.0,1.0,1.0,1.0,1.0,1.0,1.0,0.0,0.5064232349395752,0.06864510476589203,0.4935768246650696,0.06864510476589203,0.5064232349395752,0.06864510476589203
config_45,dendritic_additive,5,mnist,43,local_ca,per_soma,core_network.layers.0.excitatory_cells.branch_layers.2,False,1.0,0.0,1.0,1.0,1.0,1.0,1.0,1.0,0.0,0.5505319833755493,0.006858790758997202,0.44946804642677307,0.006858790758997202,0.5505319833755493,0.006858790758997202
config_46,dendritic_additive,5,mnist,44,local_ca,per_soma,core_network.layers.0.excitatory_cells.branch_layers.0,False,1.0,0.0,1.0,1.0,1.0,1.0,1.0,1.0,0.0,0.4777539074420929,0.058032721281051636,0.5222461223602295,0.058032721281051636,0.4777539074420929,0.058032721281051636
config_46,dendritic_additive,5,mnist,44,local_ca,per_soma,core_network.layers.0.excitatory_cells.branch_layers.1,False,1.0,0.0,1.0,1.0,1.0,1.0,1.0,1.0,0.0,0.5337304472923279,0.046967875212430954,0.4662695825099945,0.046967875212430954,0.5337304472923279,0.046967875212430954
config_46,dendritic_additive,5,mnist,44,local_ca,per_soma,core_network.layers.0.excitatory_cells.branch_layers.2,False,1.0,0.0,1.0,1.0,1.0,1.0,1.0,1.0,0.0,0.5537533164024353,0.0043793898075819016,0.4462466835975647,0.0043793898075819016,0.5537533164024353,0.0043793898075819016
config_47,dendritic_additive,5,mnist,45,local_ca,per_soma,core_network.layers.0.excitatory_cells.branch_layers.0,False,1.0,0.0,1.0,1.0,1.0,1.0,1.0,1.0,0.0,0.4780336916446686,0.05736873298883438,0.521966278553009,0.05736873298883438,0.4780336916446686,0.05736873298883438
config_47,dendritic_additive,5,mnist,45,local_ca,per_soma,core_network.layers.0.excitatory_cells.branch_layers.1,False,1.0,0.0,1.0,1.0,1.0,1.0,1.0,1.0,0.0,0.5219705700874329,0.06043587625026703,0.47802940011024475,0.06043587625026703,0.5219705700874329,0.06043587625026703
config_47,dendritic_additive,5,mnist,45,local_ca,per_soma,core_network.layers.0.excitatory_cells.branch_layers.2,False,1.0,0.0,1.0,1.0,1.0,1.0,1.0,1.0,0.0,0.5523309707641602,0.006185912527143955,0.44766902923583984,0.006185912527143955,0.5523309707641602,0.006185912527143955
config_48,dendritic_additive,10,mnist,42,local_ca,scalar,core_network.layers.0.excitatory_cells.branch_layers.0,False,1.0,0.0,1.0,1.0,1.0,1.0,1.0,1.0,0.0,0.4862222969532013,0.02377762272953987,0.5137777328491211,0.023777620866894722,0.4862222969532013,0.02377762272953987
config_48,dendritic_additive,10,mnist,42,local_ca,scalar,core_network.layers.0.excitatory_cells.branch_layers.1,False,1.0,0.0,1.0,1.0,1.0,1.0,1.0,1.0,0.0,0.5205190777778625,0.02984245866537094,0.47948092222213745,0.02984245866537094,0.5205190777778625,0.02984245866537094
config_48,dendritic_additive,10,mnist,42,local_ca,scalar,core_network.layers.0.excitatory_cells.branch_layers.2,False,1.0,0.0,1.0,1.0,1.0,1.0,1.0,1.0,0.0,0.5493274927139282,0.0027960368897765875,0.4506724774837494,0.0027960368897765875,0.5493274927139282,0.0027960368897765875
config_49,dendritic_additive,10,mnist,43,local_ca,scalar,core_network.layers.0.excitatory_cells.branch_layers.0,False,1.0,0.0,1.0,1.0,1.0,1.0,1.0,1.0,0.0,0.48539870977401733,0.02712193690240383,0.5146012902259827,0.02712193690240383,0.48539870977401733,0.02712193690240383
config_49,dendritic_additive,10,mnist,43,local_ca,scalar,core_network.layers.0.excitatory_cells.branch_layers.1,False,1.0,0.0,1.0,1.0,1.0,1.0,1.0,1.0,0.0,0.5247083902359009,0.03166821599006653,0.4752916395664215,0.03166821599006653,0.5247083902359009,0.03166821599006653
config_49,dendritic_additive,10,mnist,43,local_ca,scalar,core_network.layers.0.excitatory_cells.branch_layers.2,False,1.0,0.0,1.0,1.0,1.0,1.0,1.0,1.0,0.0,0.5493067502975464,0.0030521033331751823,0.450693279504776,0.003052103566005826,0.5493067502975464,0.0030521033331751823
config_5,dendritic_shunting,2,mnist,43,local_ca,per_soma,core_network.layers.0.excitatory_cells.branch_layers.0,True,0.7723516821861267,0.18100307881832123,0.7960042357444763,0.652316689491272,0.9228193461894989,1.0,0.055753741413354874,1.48931884765625,1.2796063423156738,0.2710218131542206,0.21931272745132446,0.5940501093864441,0.27040669322013855,0.1783016175031662,0.109102763235569
config_5,dendritic_shunting,2,mnist,43,local_ca,per_soma,core_network.layers.0.excitatory_cells.branch_layers.1,True,0.019904037937521935,0.0012252185260877013,0.020328745245933533,0.02012014575302601,0.020491767674684525,0.02113911882042885,0.013454016298055649,50.46422576904297,3.631218433380127,0.2879253327846527,0.2565871477127075,0.014157067984342575,0.0051847961731255054,0.005746970418840647,0.005161586683243513
config_5,dendritic_shunting,2,mnist,43,local_ca,per_soma,core_network.layers.0.excitatory_cells.branch_layers.2,True,0.019956693053245544,7.698794070165604e-05,0.019963080063462257,0.019916565157473087,0.02001917641609907,0.02006632275879383,0.019802305847406387,50.10924530029297,0.19366994500160217,0.30706140398979187,0.2663947343826294,0.01382623054087162,0.005310276057571173,0.0061304643750190735,0.005319593939930201
config_50,dendritic_additive,10,mnist,44,local_ca,scalar,core_network.layers.0.excitatory_cells.branch_layers.0,False,1.0,0.0,1.0,1.0,1.0,1.0,1.0,1.0,0.0,0.4878104627132416,0.024997754022479057,0.512189507484436,0.024997754022479057,0.4878104627132416,0.024997754022479057
config_50,dendritic_additive,10,mnist,44,local_ca,scalar,core_network.layers.0.excitatory_cells.branch_layers.1,False,1.0,0.0,1.0,1.0,1.0,1.0,1.0,1.0,0.0,0.508258581161499,0.03793153911828995,0.49174144864082336,0.03793153911828995,0.508258581161499,0.03793153911828995
config_50,dendritic_additive,10,mnist,44,local_ca,scalar,core_network.layers.0.excitatory_cells.branch_layers.2,False,1.0,0.0,1.0,1.0,1.0,1.0,1.0,1.0,0.0,0.5487618446350098,0.004059724509716034,0.45123815536499023,0.004059724509716034,0.5487618446350098,0.004059724509716034
config_51,dendritic_additive,10,mnist,45,local_ca,scalar,core_network.layers.0.excitatory_cells.branch_layers.0,False,1.0,0.0,1.0,1.0,1.0,1.0,1.0,1.0,0.0,0.4879116415977478,0.02720092423260212,0.5120883584022522,0.02720092423260212,0.4879116415977478,0.02720092423260212
config_51,dendritic_additive,10,mnist,45,local_ca,scalar,core_network.layers.0.excitatory_cells.branch_layers.1,False,1.0,0.0,1.0,1.0,1.0,1.0,1.0,1.0,0.0,0.5038589239120483,0.04381968453526497,0.4961410462856293,0.04381968453526497,0.5038589239120483,0.04381968453526497
config_51,dendritic_additive,10,mnist,45,local_ca,scalar,core_network.layers.0.excitatory_cells.branch_layers.2,False,1.0,0.0,1.0,1.0,1.0,1.0,1.0,1.0,0.0,0.5465525388717651,0.004349496215581894,0.4534474313259125,0.004349496215581894,0.5465525388717651,0.004349496215581894
config_52,dendritic_additive,10,mnist,42,local_ca,per_soma,core_network.layers.0.excitatory_cells.branch_layers.0,False,1.0,0.0,1.0,1.0,1.0,1.0,1.0,1.0,0.0,0.485956072807312,0.023777272552251816,0.514043927192688,0.023777272552251816,0.485956072807312,0.023777272552251816
config_52,dendritic_additive,10,mnist,42,local_ca,per_soma,core_network.layers.0.excitatory_cells.branch_layers.1,False,1.0,0.0,1.0,1.0,1.0,1.0,1.0,1.0,0.0,0.519798219203949,0.030038531869649887,0.48020172119140625,0.03003852814435959,0.519798219203949,0.030038531869649887
config_52,dendritic_additive,10,mnist,42,local_ca,per_soma,core_network.layers.0.excitatory_cells.branch_layers.2,False,1.0,0.0,1.0,1.0,1.0,1.0,1.0,1.0,0.0,0.5519498586654663,0.002965531311929226,0.4480501115322113,0.002965531311929226,0.5519498586654663,0.002965531311929226
config_53,dendritic_additive,10,mnist,43,local_ca,per_soma,core_network.layers.0.excitatory_cells.branch_layers.0,False,1.0,0.0,1.0,1.0,1.0,1.0,1.0,1.0,0.0,0.485530823469162,0.02716040052473545,0.5144690871238708,0.0271603986620903,0.485530823469162,0.02716040052473545
config_53,dendritic_additive,10,mnist,43,local_ca,per_soma,core_network.layers.0.excitatory_cells.branch_layers.1,False,1.0,0.0,1.0,1.0,1.0,1.0,1.0,1.0,0.0,0.5242727398872375,0.031214579939842224,0.47572726011276245,0.031214579939842224,0.5242727398872375,0.031214579939842224
config_53,dendritic_additive,10,mnist,43,local_ca,per_soma,core_network.layers.0.excitatory_cells.branch_layers.2,False,1.0,0.0,1.0,1.0,1.0,1.0,1.0,1.0,0.0,0.5529964566230774,0.003111607860773802,0.4470035433769226,0.003111607860773802,0.5529964566230774,0.003111607860773802
config_54,dendritic_additive,10,mnist,44,local_ca,per_soma,core_network.layers.0.excitatory_cells.branch_layers.0,False,1.0,0.0,1.0,1.0,1.0,1.0,1.0,1.0,0.0,0.48820191621780396,0.027086297050118446,0.5117982029914856,0.027086297050118446,0.48820191621780396,0.027086297050118446
config_54,dendritic_additive,10,mnist,44,local_ca,per_soma,core_network.layers.0.excitatory_cells.branch_layers.1,False,1.0,0.0,1.0,1.0,1.0,1.0,1.0,1.0,0.0,0.5032053589820862,0.04260667413473129,0.4967947006225586,0.04260667413473129,0.5032053589820862,0.04260667413473129
config_54,dendritic_additive,10,mnist,44,local_ca,per_soma,core_network.layers.0.excitatory_cells.branch_layers.2,False,1.0,0.0,1.0,1.0,1.0,1.0,1.0,1.0,0.0,0.5499346256256104,0.004744154866784811,0.45006537437438965,0.004744154866784811,0.5499346256256104,0.004744154866784811
config_55,dendritic_additive,10,mnist,45,local_ca,per_soma,core_network.layers.0.excitatory_cells.branch_layers.0,False,1.0,0.0,1.0,1.0,1.0,1.0,1.0,1.0,0.0,0.48739030957221985,0.027147915214300156,0.5126097202301025,0.027147915214300156,0.48739030957221985,0.027147915214300156
config_55,dendritic_additive,10,mnist,45,local_ca,per_soma,core_network.layers.0.excitatory_cells.branch_layers.1,False,1.0,0.0,1.0,1.0,1.0,1.0,1.0,1.0,0.0,0.5029648542404175,0.043992869555950165,0.4970351457595825,0.043992869555950165,0.5029648542404175,0.043992869555950165
config_55,dendritic_additive,10,mnist,45,local_ca,per_soma,core_network.layers.0.excitatory_cells.branch_layers.2,False,1.0,0.0,1.0,1.0,1.0,1.0,1.0,1.0,0.0,0.5495637655258179,0.004597388207912445,0.45043620467185974,0.004597388207912445,0.5495637655258179,0.004597388207912445
config_56,dendritic_additive,20,mnist,42,local_ca,scalar,core_network.layers.0.excitatory_cells.branch_layers.0,False,1.0,0.0,1.0,1.0,1.0,1.0,1.0,1.0,0.0,0.49625638127326965,0.012947906740009785,0.503743588924408,0.012947906740009785,0.49625638127326965,0.012947906740009785
config_56,dendritic_additive,20,mnist,42,local_ca,scalar,core_network.layers.0.excitatory_cells.branch_layers.1,False,1.0,0.0,1.0,1.0,1.0,1.0,1.0,1.0,0.0,0.5398368835449219,0.010096991434693336,0.4601631164550781,0.010096991434693336,0.5398368835449219,0.010096991434693336
config_56,dendritic_additive,20,mnist,42,local_ca,scalar,core_network.layers.0.excitatory_cells.branch_layers.2,False,1.0,0.0,1.0,1.0,1.0,1.0,1.0,1.0,0.0,0.5525347590446472,0.0008620760054327548,0.4474652409553528,0.0008620760054327548,0.5525347590446472,0.0008620760054327548
config_57,dendritic_additive,20,mnist,43,local_ca,scalar,core_network.layers.0.excitatory_cells.branch_layers.0,False,1.0,0.0,1.0,1.0,1.0,1.0,1.0,1.0,0.0,0.4977816343307495,0.006443430669605732,0.5022183656692505,0.006443430669605732,0.4977816343307495,0.006443430669605732
config_57,dendritic_additive,20,mnist,43,local_ca,scalar,core_network.layers.0.excitatory_cells.branch_layers.1,False,1.0,0.0,1.0,1.0,1.0,1.0,1.0,1.0,0.0,0.5449308753013611,0.006605388596653938,0.45506909489631653,0.006605388596653938,0.5449308753013611,0.006605388596653938
config_57,dendritic_additive,20,mnist,43,local_ca,scalar,core_network.layers.0.excitatory_cells.branch_layers.2,False,1.0,0.0,1.0,1.0,1.0,1.0,1.0,1.0,0.0,0.5556449890136719,0.0005907847662456334,0.4443550109863281,0.0005907847662456334,0.5556449890136719,0.0005907847662456334
config_58,dendritic_additive,20,mnist,44,local_ca,scalar,core_network.layers.0.excitatory_cells.branch_layers.0,False,1.0,0.0,1.0,1.0,1.0,1.0,1.0,1.0,0.0,0.4988628923892975,0.015056940726935863,0.5011371374130249,0.015056941658258438,0.4988628923892975,0.015056940726935863
config_58,dendritic_additive,20,mnist,44,local_ca,scalar,core_network.layers.0.excitatory_cells.branch_layers.1,False,1.0,0.0,1.0,1.0,1.0,1.0,1.0,1.0,0.0,0.5312238335609436,0.016837455332279205,0.4687761962413788,0.016837455332279205,0.5312238335609436,0.016837455332279205
config_58,dendritic_additive,20,mnist,44,local_ca,scalar,core_network.layers.0.excitatory_cells.branch_layers.2,False,1.0,0.0,1.0,1.0,1.0,1.0,1.0,1.0,0.0,0.5513743162155151,0.0014354032464325428,0.4486256539821625,0.0014354032464325428,0.5513743162155151,0.0014354032464325428
config_59,dendritic_additive,20,mnist,45,local_ca,scalar,core_network.layers.0.excitatory_cells.branch_layers.0,False,1.0,0.0,1.0,1.0,1.0,1.0,1.0,1.0,0.0,0.503524124622345,0.019103597849607468,0.49647584557533264,0.019103599712252617,0.503524124622345,0.019103597849607468
config_59,dendritic_additive,20,mnist,45,local_ca,scalar,core_network.layers.0.excitatory_cells.branch_layers.1,False,1.0,0.0,1.0,1.0,1.0,1.0,1.0,1.0,0.0,0.5345510840415955,0.017398910596966743,0.46544885635375977,0.017398910596966743,0.5345510840415955,0.017398910596966743
config_59,dendritic_additive,20,mnist,45,local_ca,scalar,core_network.layers.0.excitatory_cells.branch_layers.2,False,1.0,0.0,1.0,1.0,1.0,1.0,1.0,1.0,0.0,0.5517567992210388,0.0013791255187243223,0.44824323058128357,0.0013791256351396441,0.5517567992210388,0.0013791255187243223
config_6,dendritic_shunting,2,mnist,44,local_ca,per_soma,core_network.layers.0.excitatory_cells.branch_layers.0,True,0.6538448929786682,0.2979224622249603,0.732157826423645,0.5666338056325912,0.8738396465778351,1.0,0.034597501158714294,3.2992424964904785,4.5455322265625,0.22137419879436493,0.1962239146232605,0.5090151429176331,0.2983640730381012,0.14482977986335754,0.1198030337691307
config_6,dendritic_shunting,2,mnist,44,local_ca,per_soma,core_network.layers.0.excitatory_cells.branch_layers.1,True,0.01967139169573784,0.0016141770174726844,0.020457308739423752,0.019729983992874622,0.020632443949580193,0.021107472479343414,0.013310401700437069,51.23263168334961,4.859224796295166,0.22836513817310333,0.19513967633247375,0.015147889032959938,0.003982961177825928,0.004523503594100475,0.003931690473109484
config_6,dendritic_shunting,2,mnist,44,local_ca,per_soma,core_network.layers.0.excitatory_cells.branch_layers.2,True,0.019969183951616287,0.00013446970842778683,0.01995791494846344,0.01988518051803112,0.02003101585432887,0.020276276394724846,0.019718727096915245,50.07941818237305,0.3360134959220886,0.2806091904640198,0.18113639950752258,0.014363601803779602,0.003611632389947772,0.0056055826134979725,0.0036217363085597754
config_60,dendritic_additive,20,mnist,42,local_ca,per_soma,core_network.layers.0.excitatory_cells.branch_layers.0,False,1.0,0.0,1.0,1.0,1.0,1.0,1.0,1.0,0.0,0.49665170907974243,0.013070598244667053,0.5033482909202576,0.013070598244667053,0.49665170907974243,0.013070598244667053
config_60,dendritic_additive,20,mnist,42,local_ca,per_soma,core_network.layers.0.excitatory_cells.branch_layers.1,False,1.0,0.0,1.0,1.0,1.0,1.0,1.0,1.0,0.0,0.5407343506813049,0.010046565905213356,0.4592656195163727,0.010046565905213356,0.5407343506813049,0.010046565905213356
config_60,dendritic_additive,20,mnist,42,local_ca,per_soma,core_network.layers.0.excitatory_cells.branch_layers.2,False,1.0,0.0,1.0,1.0,1.0,1.0,1.0,1.0,0.0,0.5551408529281616,0.001142584253102541,0.444859117269516,0.001142584253102541,0.5551408529281616,0.001142584253102541
config_61,dendritic_additive,20,mnist,43,local_ca,per_soma,core_network.layers.0.excitatory_cells.branch_layers.0,False,1.0,0.0,1.0,1.0,1.0,1.0,1.0,1.0,0.0,0.49779340624809265,0.0064535136334598064,0.502206563949585,0.0064535136334598064,0.49779340624809265,0.0064535136334598064
config_61,dendritic_additive,20,mnist,43,local_ca,per_soma,core_network.layers.0.excitatory_cells.branch_layers.1,False,1.0,0.0,1.0,1.0,1.0,1.0,1.0,1.0,0.0,0.5449326634407043,0.006605078466236591,0.45506733655929565,0.006605078466236591,0.5449326634407043,0.006605078466236591
config_61,dendritic_additive,20,mnist,43,local_ca,per_soma,core_network.layers.0.excitatory_cells.branch_layers.2,False,1.0,0.0,1.0,1.0,1.0,1.0,1.0,1.0,0.0,0.5563247203826904,0.0008059631218202412,0.44367527961730957,0.0008059631218202412,0.5563247203826904,0.0008059631218202412
config_62,dendritic_additive,20,mnist,44,local_ca,per_soma,core_network.layers.0.excitatory_cells.branch_layers.0,False,1.0,0.0,1.0,1.0,1.0,1.0,1.0,1.0,0.0,0.4986557364463806,0.014810943976044655,0.5013442039489746,0.014810943976044655,0.4986557364463806,0.014810943976044655
config_62,dendritic_additive,20,mnist,44,local_ca,per_soma,core_network.layers.0.excitatory_cells.branch_layers.1,False,1.0,0.0,1.0,1.0,1.0,1.0,1.0,1.0,0.0,0.532176673412323,0.01608111709356308,0.4678232967853546,0.01608111709356308,0.532176673412323,0.01608111709356308
config_62,dendritic_additive,20,mnist,44,local_ca,per_soma,core_network.layers.0.excitatory_cells.branch_layers.2,False,1.0,0.0,1.0,1.0,1.0,1.0,1.0,1.0,0.0,0.5539377927780151,0.0017508076271042228,0.4460620880126953,0.0017508076271042228,0.5539377927780151,0.0017508076271042228
config_63,dendritic_additive,20,mnist,45,local_ca,per_soma,core_network.layers.0.excitatory_cells.branch_layers.0,False,1.0,0.0,1.0,1.0,1.0,1.0,1.0,1.0,0.0,0.5019081830978394,0.019038816913962364,0.49809181690216064,0.019038818776607513,0.5019081830978394,0.019038816913962364
config_63,dendritic_additive,20,mnist,45,local_ca,per_soma,core_network.layers.0.excitatory_cells.branch_layers.1,False,1.0,0.0,1.0,1.0,1.0,1.0,1.0,1.0,0.0,0.5317677855491638,0.018824776634573936,0.4682321846485138,0.018824776634573936,0.5317677855491638,0.018824776634573936
config_63,dendritic_additive,20,mnist,45,local_ca,per_soma,core_network.layers.0.excitatory_cells.branch_layers.2,False,1.0,0.0,1.0,1.0,1.0,1.0,1.0,1.0,0.0,0.5538696050643921,0.0019596770871430635,0.4461304247379303,0.0019596770871430635,0.5538696050643921,0.0019596770871430635
config_7,dendritic_shunting,2,mnist,45,local_ca,per_soma,core_network.layers.0.excitatory_cells.branch_layers.0,True,0.6198467016220093,0.2993418276309967,0.6994541883468628,0.49508845806121826,0.8444480001926422,1.0,0.034180931746959686,3.5625667572021484,4.755381107330322,0.2459280639886856,0.21073861420154572,0.4677082598209381,0.2957081198692322,0.15213844180107117,0.12097199261188507
config_7,dendritic_shunting,2,mnist,45,local_ca,per_soma,core_network.layers.0.excitatory_cells.branch_layers.1,True,0.019840514287352562,0.0014385037356987596,0.02041625790297985,0.020177944097667933,0.02061246708035469,0.021180180832743645,0.013445260003209114,50.71253204345703,4.295360088348389,0.2705668807029724,0.22653120756149292,0.014420067891478539,0.004526013508439064,0.005420446861535311,0.004612100776284933
config_7,dendritic_shunting,2,mnist,45,local_ca,per_soma,core_network.layers.0.excitatory_cells.branch_layers.2,True,0.01998872123658657,0.00013636024959851056,0.01996282860636711,0.01987525075674057,0.020112648606300354,0.020219644531607628,0.019757172092795372,50.030540466308594,0.34104469418525696,0.34578147530555725,0.2324013113975525,0.01307231467217207,0.004631344694644213,0.006916407495737076,0.004650889430195093
config_8,dendritic_shunting,5,mnist,42,local_ca,scalar,core_network.layers.0.excitatory_cells.branch_layers.0,True,0.7078666090965271,0.22049276530742645,0.7337996959686279,0.5947412103414536,0.8727866411209106,1.0,0.07617951929569244,1.7264195680618286,1.1837043762207031,0.2744958996772766,0.21778766810894012,0.5341519713401794,0.27286186814308167,0.1737145036458969,0.11521180719137192
config_8,dendritic_shunting,5,mnist,42,local_ca,scalar,core_network.layers.0.excitatory_cells.branch_layers.1,True,0.020096445456147194,0.0005993131780996919,0.020299062132835388,0.020019985735416412,0.020471319556236267,0.020962918177247047,0.016662023961544037,49.80657958984375,1.5616438388824463,0.23033170402050018,0.2107449769973755,0.015462247654795647,0.004252851475030184,0.00463419733569026,0.004252588842064142
config_8,dendritic_shunting,5,mnist,42,local_ca,scalar,core_network.layers.0.excitatory_cells.branch_layers.2,True,0.019989343360066414,0.0001568395528011024,0.02001681923866272,0.019836686085909605,0.02013298962265253,0.020238198339939117,0.019722584635019302,50.02974319458008,0.3929636478424072,0.17047448456287384,0.20597663521766663,0.016582900658249855,0.00412260415032506,0.0034064422361552715,0.004114809446036816
config_9,dendritic_shunting,5,mnist,43,local_ca,scalar,core_network.layers.0.excitatory_cells.branch_layers.0,True,0.7334498167037964,0.22410815954208374,0.7745671272277832,0.6095685064792633,0.9167584627866745,1.0,0.09643551707267761,1.654931664466858,1.1124557256698608,0.225515216588974,0.20775778591632843,0.5887251496315002,0.27735745906829834,0.14472468197345734,0.10899598896503448
config_9,dendritic_shunting,5,mnist,43,local_ca,scalar,core_network.layers.0.excitatory_cells.branch_layers.1,True,0.02000291272997856,0.0006295893108472228,0.020234253257513046,0.01983607467263937,0.020410608500242233,0.020838500931859016,0.015946242958307266,50.045188903808594,1.669358491897583,0.21587562561035156,0.22028903663158417,0.01568537950515747,0.004441459197551012,0.004317532759159803,0.0044096396304667
config_9,dendritic_shunting,5,mnist,43,local_ca,scalar,core_network.layers.0.excitatory_cells.branch_layers.2,True,0.01993401348590851,0.00014945688599254936,0.019905246794223785,0.019800389651209116,0.020005646627396345,0.020311573520302773,0.01972406916320324,50.16831588745117,0.37384751439094543,0.19229063391685486,0.2297755777835846,0.0161012951284647,0.004583155736327171,0.0038327171932905912,0.004579894244670868
