seed,condition,train_loss,train_accuracy,test_loss,test_accuracy,context0_loss_before_switch,context0_accuracy_before_switch,context0_accuracy_after_switch,context_switch_forgetting,forward_parameters,active_input_contacts,forward_branch_groups,feedback_channels,feedback_nonzeros
4100,neuron_shared_k1,0.5773035952,0.7729492188,0.5795372736,0.7578125,0.5746115526,0.755859375,0.2041015625,0.5517578125,24,24,2,1,2
4100,depth_shared_k1,0.5773035952,0.7729492188,0.5795372736,0.7578125,0.5746115526,0.755859375,0.2041015625,0.5517578125,24,24,2,1,2
4100,correct_subtree_k2,0.4117828866,0.8129882812,0.4124082273,0.8061523438,0.4211685156,0.8076171875,0.8076171875,0,24,24,2,2,2
4100,within_neuron_deranged_k2,200.604623,0.1958007812,204.3168311,0.197265625,195.4638846,0.201171875,0.197265625,0.00390625,24,24,2,2,2
4100,random_dense_rank2,139.6312653,0.4951171875,139.473621,0.49609375,21.50963922,0.794921875,0.798828125,-0.00390625,24,24,2,2,4
4100,exact_transport,0.4117828866,0.8129882812,0.4124082273,0.8061523438,0.4211685156,0.8076171875,0.8076171875,0,24,24,2,2,2
4100,backpropagation,0.4117828866,0.8129882812,0.4124082273,0.8061523438,0.4211685156,0.8076171875,0.8076171875,0,24,24,2,2,2
4100,gated_point_emulation,0.4117828866,0.8129882812,0.4124082273,0.8061523438,0.4211685156,0.8076171875,0.8076171875,0,24,24,2,1,2
4101,neuron_shared_k1,0.5534437629,0.783203125,0.5600696581,0.7666015625,0.5396427597,0.791015625,0.1748046875,0.6162109375,24,24,2,1,2
4101,depth_shared_k1,0.5534437629,0.783203125,0.5600696581,0.7666015625,0.5396427597,0.791015625,0.1748046875,0.6162109375,24,24,2,1,2
4101,correct_subtree_k2,0.4149583583,0.8110351562,0.4170610827,0.814453125,0.4010449115,0.828125,0.828125,0,24,24,2,2,2
4101,within_neuron_deranged_k2,197.7605598,0.1889648438,204.9356792,0.1904296875,201.767756,0.17578125,0.173828125,0.001953125,24,24,2,2,2
4101,random_dense_rank2,4.43618864,0.7592773438,4.947846926,0.7534179688,9.294780503,0.828125,0.830078125,-0.001953125,24,24,2,2,4
4101,exact_transport,0.4149583583,0.8110351562,0.4170610827,0.814453125,0.4010449115,0.828125,0.828125,0,24,24,2,2,2
4101,backpropagation,0.4149583583,0.8110351562,0.4170610827,0.814453125,0.4010449115,0.828125,0.828125,0,24,24,2,2,2
4101,gated_point_emulation,0.4149583583,0.8110351562,0.4170610827,0.814453125,0.4010449115,0.828125,0.828125,0,24,24,2,1,2
4102,neuron_shared_k1,0.578956336,0.7592773438,0.5882146965,0.7534179688,0.5758379317,0.765625,0.201171875,0.564453125,24,24,2,1,2
4102,depth_shared_k1,0.578956336,0.7592773438,0.5882146965,0.7534179688,0.5758379317,0.765625,0.201171875,0.564453125,24,24,2,1,2
4102,correct_subtree_k2,0.4223832315,0.7963867188,0.4291674995,0.7954101562,0.4364728517,0.7919921875,0.7919921875,0,24,24,2,2,2
4102,within_neuron_deranged_k2,203.2960585,0.2036132812,201.537088,0.2036132812,185.3902302,0.1982421875,0.1962890625,0.001953125,24,24,2,2,2
4102,random_dense_rank2,2.680063631,0.7885742188,2.695515307,0.7885742188,4.891954904,0.7998046875,0.8017578125,-0.001953125,24,24,2,2,4
4102,exact_transport,0.4223832315,0.7963867188,0.4291674995,0.7954101562,0.4364728517,0.7919921875,0.7919921875,0,24,24,2,2,2
4102,backpropagation,0.4223832315,0.7963867188,0.4291674995,0.7954101562,0.4364728517,0.7919921875,0.7919921875,0,24,24,2,2,2
4102,gated_point_emulation,0.4223832315,0.7963867188,0.4291674995,0.7954101562,0.4364728517,0.7919921875,0.7919921875,0,24,24,2,1,2
4103,neuron_shared_k1,0.551067613,0.775390625,0.5640707594,0.7587890625,0.5866331183,0.7373046875,0.2197265625,0.517578125,24,24,2,1,2
4103,depth_shared_k1,0.551067613,0.775390625,0.5640707594,0.7587890625,0.5866331183,0.7373046875,0.2197265625,0.517578125,24,24,2,1,2
4103,correct_subtree_k2,0.411017836,0.8125,0.4384477846,0.7875976562,0.4417889731,0.783203125,0.783203125,0,24,24,2,2,2
4103,within_neuron_deranged_k2,191.1865801,0.193359375,189.3595065,0.2080078125,186.775114,0.20703125,0.2099609375,-0.0029296875,24,24,2,2,2
4103,random_dense_rank2,8.510038707,0.5688476562,9.177991327,0.5600585938,17.02249066,0.791015625,0.7900390625,0.0009765625,24,24,2,2,4
4103,exact_transport,0.411017836,0.8125,0.4384477846,0.7875976562,0.4417889731,0.783203125,0.783203125,0,24,24,2,2,2
4103,backpropagation,0.411017836,0.8125,0.4384477846,0.7875976562,0.4417889731,0.783203125,0.783203125,0,24,24,2,2,2
4103,gated_point_emulation,0.411017836,0.8125,0.4384477846,0.7875976562,0.4417889731,0.783203125,0.783203125,0,24,24,2,1,2
4104,neuron_shared_k1,0.5395158184,0.7763671875,0.5548603106,0.7397460938,0.5664595155,0.736328125,0.2158203125,0.5205078125,24,24,2,1,2
4104,depth_shared_k1,0.5395158184,0.7763671875,0.5548603106,0.7397460938,0.5664595155,0.736328125,0.2158203125,0.5205078125,24,24,2,1,2
4104,correct_subtree_k2,0.4088660066,0.8115234375,0.4283671209,0.7998046875,0.4413409947,0.7978515625,0.7978515625,0,24,24,2,2,2
4104,within_neuron_deranged_k2,184.6592839,0.1953125,186.8317198,0.1997070312,188.9014502,0.2001953125,0.2021484375,-0.001953125,24,24,2,2,2
4104,random_dense_rank2,147.6097344,0.4907226562,152.0788312,0.4853515625,21.18810867,0.7734375,0.779296875,-0.005859375,24,24,2,2,4
4104,exact_transport,0.4088660066,0.8115234375,0.4283671209,0.7998046875,0.4413409947,0.7978515625,0.7978515625,0,24,24,2,2,2
4104,backpropagation,0.4088660066,0.8115234375,0.4283671209,0.7998046875,0.4413409947,0.7978515625,0.7978515625,0,24,24,2,2,2
4104,gated_point_emulation,0.4088660066,0.8115234375,0.4283671209,0.7998046875,0.4413409947,0.7978515625,0.7978515625,0,24,24,2,1,2
4105,neuron_shared_k1,0.5582795437,0.7900390625,0.5571251312,0.7924804688,0.5757058025,0.7666015625,0.2177734375,0.548828125,24,24,2,1,2
4105,depth_shared_k1,0.5582795437,0.7900390625,0.5571251312,0.7924804688,0.5757058025,0.7666015625,0.2177734375,0.548828125,24,24,2,1,2
4105,correct_subtree_k2,0.4078502216,0.8095703125,0.4194259904,0.8061523438,0.4468329525,0.7841796875,0.7841796875,0,24,24,2,2,2
4105,within_neuron_deranged_k2,197.3315701,0.1928710938,202.1213508,0.1958007812,221.712568,0.205078125,0.20703125,-0.001953125,24,24,2,2,2
4105,random_dense_rank2,144.9681286,0.505859375,152.6808325,0.4853515625,22.686106,0.79296875,0.79296875,0,24,24,2,2,4
4105,exact_transport,0.4078502216,0.8095703125,0.4194259904,0.8061523438,0.4468329525,0.7841796875,0.7841796875,0,24,24,2,2,2
4105,backpropagation,0.4078502216,0.8095703125,0.4194259904,0.8061523438,0.4468329525,0.7841796875,0.7841796875,0,24,24,2,2,2
4105,gated_point_emulation,0.4078502216,0.8095703125,0.4194259904,0.8061523438,0.4468329525,0.7841796875,0.7841796875,0,24,24,2,1,2
4106,neuron_shared_k1,0.567088725,0.7661132812,0.5735334239,0.7700195312,0.5615942313,0.751953125,0.1982421875,0.5537109375,24,24,2,1,2
4106,depth_shared_k1,0.567088725,0.7661132812,0.5735334239,0.7700195312,0.5615942313,0.751953125,0.1982421875,0.5537109375,24,24,2,1,2
4106,correct_subtree_k2,0.4204673612,0.8037109375,0.4027088371,0.81640625,0.4092208213,0.8095703125,0.8095703125,0,24,24,2,2,2
4106,within_neuron_deranged_k2,206.0762032,0.2060546875,204.8506934,0.18359375,195.5779923,0.1962890625,0.19921875,-0.0029296875,24,24,2,2,2
4106,random_dense_rank2,128.1270525,0.4916992188,124.7448487,0.486328125,22.13111943,0.8046875,0.8037109375,0.0009765625,24,24,2,2,4
4106,exact_transport,0.4204673612,0.8037109375,0.4027088371,0.81640625,0.4092208213,0.8095703125,0.8095703125,0,24,24,2,2,2
4106,backpropagation,0.4204673612,0.8037109375,0.4027088371,0.81640625,0.4092208213,0.8095703125,0.8095703125,0,24,24,2,2,2
4106,gated_point_emulation,0.4204673612,0.8037109375,0.4027088371,0.81640625,0.4092208213,0.8095703125,0.8095703125,0,24,24,2,1,2
4107,neuron_shared_k1,0.563813435,0.7568359375,0.5699555012,0.7431640625,0.5491703132,0.7705078125,0.169921875,0.6005859375,24,24,2,1,2
4107,depth_shared_k1,0.563813435,0.7568359375,0.5699555012,0.7431640625,0.5491703132,0.7705078125,0.169921875,0.6005859375,24,24,2,1,2
4107,correct_subtree_k2,0.4112566051,0.810546875,0.4021524418,0.8227539062,0.3819327591,0.83203125,0.83203125,0,24,24,2,2,2
4107,within_neuron_deranged_k2,186.9316967,0.2060546875,191.2334189,0.18359375,193.4397223,0.1806640625,0.1796875,0.0009765625,24,24,2,2,2
4107,random_dense_rank2,80.4842454,0.4951171875,78.70472105,0.5112304688,19.01581335,0.822265625,0.8203125,0.001953125,24,24,2,2,4
4107,exact_transport,0.4112566051,0.810546875,0.4021524418,0.8227539062,0.3819327591,0.83203125,0.83203125,0,24,24,2,2,2
4107,backpropagation,0.4112566051,0.810546875,0.4021524418,0.8227539062,0.3819327591,0.83203125,0.83203125,0,24,24,2,2,2
4107,gated_point_emulation,0.4112566051,0.810546875,0.4021524418,0.8227539062,0.3819327591,0.83203125,0.83203125,0,24,24,2,1,2
4108,neuron_shared_k1,0.5345882041,0.7880859375,0.5451879254,0.7763671875,0.5868267576,0.7421875,0.2177734375,0.5244140625,24,24,2,1,2
4108,depth_shared_k1,0.5345882041,0.7880859375,0.5451879254,0.7763671875,0.5868267576,0.7421875,0.2177734375,0.5244140625,24,24,2,1,2
4108,correct_subtree_k2,0.4014332013,0.810546875,0.4254970514,0.802734375,0.4495304923,0.7822265625,0.7822265625,0,24,24,2,2,2
4108,within_neuron_deranged_k2,200.2962152,0.193359375,198.6583579,0.201171875,193.2556496,0.21484375,0.208984375,0.005859375,24,24,2,2,2
4108,random_dense_rank2,111.5628812,0.4848632812,112.4702852,0.482421875,23.04225066,0.78515625,0.7900390625,-0.0048828125,24,24,2,2,4
4108,exact_transport,0.4014332013,0.810546875,0.4254970514,0.802734375,0.4495304923,0.7822265625,0.7822265625,0,24,24,2,2,2
4108,backpropagation,0.4014332013,0.810546875,0.4254970514,0.802734375,0.4495304923,0.7822265625,0.7822265625,0,24,24,2,2,2
4108,gated_point_emulation,0.4014332013,0.810546875,0.4254970514,0.802734375,0.4495304923,0.7822265625,0.7822265625,0,24,24,2,1,2
4109,neuron_shared_k1,0.5484089258,0.7744140625,0.556710694,0.765625,0.5567331322,0.7607421875,0.1923828125,0.568359375,24,24,2,1,2
4109,depth_shared_k1,0.5484089258,0.7744140625,0.556710694,0.765625,0.5567331322,0.7607421875,0.1923828125,0.568359375,24,24,2,1,2
4109,correct_subtree_k2,0.4082493135,0.8134765625,0.4301303704,0.8115234375,0.4139292353,0.8251953125,0.8251953125,0,24,24,2,2,2
4109,within_neuron_deranged_k2,183.7264124,0.197265625,179.2170598,0.2001953125,169.7692134,0.1884765625,0.1875,0.0009765625,24,24,2,2,2
4109,random_dense_rank2,1.990201901,0.8110351562,2.261162867,0.7978515625,4.043339891,0.8115234375,0.810546875,0.0009765625,24,24,2,2,4
4109,exact_transport,0.4082493135,0.8134765625,0.4301303704,0.8115234375,0.4139292353,0.8251953125,0.8251953125,0,24,24,2,2,2
4109,backpropagation,0.4082493135,0.8134765625,0.4301303704,0.8115234375,0.4139292353,0.8251953125,0.8251953125,0,24,24,2,2,2
4109,gated_point_emulation,0.4082493135,0.8134765625,0.4301303704,0.8115234375,0.4139292353,0.8251953125,0.8251953125,0,24,24,2,1,2
