cohort,root_id,scale,n_modes,actual_energy_fraction,isotropic_energy_fraction,isotropic_enrichment,shuffled_energy_fraction_mean,shuffled_energy_fraction_sd,actual_minus_shuffled,actual_over_shuffled
public_v661_47,864691134941194851,coarse,5,0.29925199942098235,0.10204081632653061,2.932669594325627,0.19016688093868037,0.02969432996186707,0.10908511848230198,1.5736283728473028
public_v661_47,864691134941194851,intermediate,18,0.5042339334631275,0.3673469387755102,1.372636818871847,0.5748975955085032,0.046895504768960795,-0.07066366204537566,0.8770847841468655
public_v661_47,864691134941194851,fine,26,0.19651406711589028,0.5306122448979592,0.37035343417994704,0.2349355235528165,0.05477191576081968,-0.03842145643692621,0.8364595704561955
public_v661_47,864691135082534135,coarse,5,0.32076837453434515,0.2777777777777778,1.1547661483236424,0.5028688592774615,0.15718258887687023,-0.18210048474311635,0.6378767915659674
public_v661_47,864691135082534135,intermediate,9,0.6253192278070081,0.5,1.2506384556140162,0.44769880950755425,0.1460542575316801,0.17762041829945385,1.3967408769633032
public_v661_47,864691135082534135,fine,4,0.05391239765864665,0.2222222222222222,0.24260578946390995,0.04943233121498436,0.035124300782655105,0.004480066443662292,1.0906302885894295
public_v661_47,864691135334986985,coarse,6,0.3483072249943473,0.1276595744680851,2.728406595789054,0.23572188460314258,0.06479303035124974,0.11258534039120471,1.4776193800620232
public_v661_47,864691135334986985,intermediate,15,0.3714510966358288,0.3191489361702128,1.1638801027922636,0.4342356960741045,0.05539752356774908,-0.06278459943827569,0.8554135461319579
public_v661_47,864691135334986985,fine,26,0.28024167836982394,0.5531914893617021,0.5065907262839124,0.3300424193227529,0.0737136318271159,-0.04980074095292897,0.849108059942355
public_v661_47,864691135342193329,coarse,5,0.43786606623185265,0.2631578947368421,1.6638910516810401,0.474397558503611,0.120825060892063,-0.03653149227175834,0.9229939285796719
public_v661_47,864691135342193329,intermediate,8,0.40424931503790573,0.42105263157894735,0.9600921232150261,0.39852143917249605,0.09161985273694168,0.005727875865409682,1.0143728173754045
public_v661_47,864691135342193329,fine,6,0.1578846187302415,0.3157894736842105,0.4999679593124315,0.12708100232389297,0.06910315642432623,0.030803616406348544,1.2423935587778807
public_v661_47,864691135367232761,coarse,5,0.4567977815068819,0.2,2.2839889075344093,0.34312079388864436,0.09738806695840603,0.11367698761823752,1.3313031143636547
public_v661_47,864691135367232761,intermediate,11,0.4385607544038745,0.44,0.9967289872815329,0.5137821687949133,0.07612214366342956,-0.07522141439103885,0.8535927890073098
public_v661_47,864691135367232761,fine,9,0.10464146408924345,0.36,0.2906707335812318,0.1430970373164423,0.06800940262440339,-0.03845557322719885,0.7312622682595527
public_v661_47,864691135404231406,coarse,5,0.4178788097602335,0.15151515151515152,2.758000144417541,0.35626737391630736,0.06793939480768621,0.06161143584392614,1.1729359474224537
public_v661_47,864691135404231406,intermediate,13,0.4832453594163117,0.3939393939393939,1.2266997585183297,0.5071112576932799,0.04862543966344437,-0.023865898276968223,0.9529375498672065
public_v661_47,864691135404231406,fine,15,0.09887583082345461,0.45454545454545453,0.21752682781160015,0.13662136839041275,0.055854000801899444,-0.03774553756695814,0.7237215670458261
public_v661_47,864691135404277230,coarse,5,0.675290757539165,0.1724137931034483,3.916686393727157,0.402887659395068,0.09126594234583901,0.272403098144097,1.6761266864145397
public_v661_47,864691135404277230,intermediate,9,0.23790578246476723,0.3103448275862069,0.7665852990531389,0.44677981341685336,0.0696391326382786,-0.20887403095208612,0.5324899991459484
public_v661_47,864691135404277230,fine,15,0.08680345999606778,0.5172413793103449,0.16782002265906437,0.1503325271880787,0.07343815282417429,-0.06352906719201093,0.5774097038059456
public_v661_47,864691135416557754,coarse,5,0.7179495576322343,0.3333333333333333,2.1538486728967032,0.655990255970931,0.12806369669919873,0.06195930166130337,1.094451557926874
public_v661_47,864691135416557754,intermediate,5,0.1708462006444693,0.3333333333333333,0.512538601933408,0.25869420058791365,0.10725256603227201,-0.08784799994344436,0.6604175905613685
public_v661_47,864691135416557754,fine,5,0.11120424172329632,0.3333333333333333,0.333612725169889,0.08531554344115544,0.05662877441423263,0.025888698282140882,1.3034464440819866
public_v661_47,864691135455195242,coarse,4,0.2940202212931134,0.2,1.470101106465567,0.40678261621676437,0.12998443173574112,-0.11276239492365098,0.7227944596738551
public_v661_47,864691135455195242,intermediate,10,0.5503608187930418,0.5,1.1007216375860835,0.474399765865741,0.10343976501185817,0.07596105292730077,1.1601203423628972
public_v661_47,864691135455195242,fine,6,0.15561895991384486,0.3,0.5187298663794829,0.1188176179174946,0.06535749406800978,0.03680134199635027,1.3097296734387036
public_v661_47,864691135468547212,coarse,5,0.24310945778620885,0.15625,1.5559005298317365,0.3196494770034068,0.07850010817959083,-0.07654001921719794,0.7605501503248754
public_v661_47,864691135468547212,intermediate,14,0.6067036332820815,0.4375,1.386751161787615,0.5664394647243091,0.06503546539014682,0.040264168557772484,1.0710829154133343
public_v661_47,864691135468547212,fine,13,0.15018690893170972,0.40625,0.36969085275497776,0.11391105827228423,0.05652167087904155,0.036275850659425485,1.3184576739925853
public_v661_47,864691135495249040,coarse,6,0.34215969179755445,0.16666666666666666,2.0529581507853267,0.31639421789251254,0.0827560551858858,0.025765473905041913,1.0814347179814618
public_v661_47,864691135495249040,intermediate,12,0.3726452151031122,0.3333333333333333,1.1179356453093368,0.46710196408874827,0.06936250893782546,-0.09445674898563605,0.7977813063365978
public_v661_47,864691135495249040,fine,18,0.2851950930993334,0.5,0.5703901861986668,0.2165038180187391,0.08250265019852462,0.06869127508059428,1.3172751211003995
public_v661_47,864691135502788957,coarse,5,0.23836899515492305,0.13513513513513514,1.7639305641464305,0.23210230691783273,0.055533618070857715,0.006266688237090312,1.0269996809609858
public_v661_47,864691135502788957,intermediate,13,0.6145120614539904,0.35135135135135137,1.7489958672152033,0.5532545684956391,0.07659109637512743,0.061257492958351256,1.1107220734298087
public_v661_47,864691135502788957,fine,19,0.14711894339108655,0.5135135135135135,0.28649478449843174,0.21464312458652815,0.08745531677630804,-0.0675241811954416,0.6854118606150794
public_v661_47,864691135516884435,coarse,5,0.3039094608409333,0.21739130434782608,1.397983519868293,0.38470220379379494,0.1651221648019023,-0.08079274295286165,0.7899862746921836
public_v661_47,864691135516884435,intermediate,11,0.6239633561102781,0.4782608695652174,1.3046506536851268,0.4846936362127655,0.14786238946356317,0.13926971989751258,1.2873355651741578
public_v661_47,864691135516884435,fine,7,0.07212718304878865,0.30434782608695654,0.23698931573173412,0.13060415999343955,0.10890193349798433,-0.0584769769446509,0.5522579300108948
public_v661_47,864691135572379429,coarse,6,0.45266060641892525,0.14634146341463414,3.0931808105293226,0.29605343983420623,0.1074248606159895,0.15660716658471902,1.5289827629512465
public_v661_47,864691135572379429,intermediate,13,0.2979392767827472,0.3170731707317073,0.9396546421609718,0.4664563023258249,0.08371711361714003,-0.16851702554307774,0.6387292342223158
public_v661_47,864691135572379429,fine,22,0.2494001167983279,0.5365853658536586,0.46479112676052015,0.2374902578399688,0.09653249134026096,0.01190985895835911,1.050148831647589
public_v661_47,864691135573814980,coarse,6,0.31409118206220515,0.13333333333333333,2.355683865466539,0.29022653788068425,0.08502627021420495,0.0238646441815209,1.0822276431224631
public_v661_47,864691135573814980,intermediate,15,0.4711792288686568,0.3333333333333333,1.4135376866059706,0.49552401479351016,0.07440128376275153,-0.02434478592485334,0.9508706234247839
public_v661_47,864691135573814980,fine,24,0.214729589069138,0.5333333333333333,0.40261797950463374,0.2142494473258056,0.06613804056218564,0.0004801417433324129,1.002241040755649
public_v661_47,864691135658994050,coarse,5,0.25222958805147844,0.12195121951219512,2.068282622022123,0.23563810944339147,0.06419380540344348,0.016591478608086963,1.0704108458826047
public_v661_47,864691135658994050,intermediate,16,0.5994777242161614,0.3902439024390244,1.5361616683039137,0.5572790924981013,0.07204562128023488,0.04219863171806015,1.0757226177800738
public_v661_47,864691135658994050,fine,20,0.1482926877323602,0.4878048780487805,0.3040000098513384,0.20708279805850716,0.0677361694020911,-0.05879011032614695,0.7161033611805024
public_v661_47,864691135687601120,coarse,6,0.31176444275625037,0.17142857142857143,1.818625916078127,0.27076780457860783,0.051535957664423766,0.04099663817764254,1.1514088362220354
public_v661_47,864691135687601120,intermediate,14,0.3645100103670788,0.4,0.9112750259176969,0.5403422710177244,0.06112224469271596,-0.17583226065064556,0.6745909582097495
public_v661_47,864691135687601120,fine,15,0.32372554687667093,0.42857142857142855,0.7553596093788989,0.1888899244036678,0.07245321029569235,0.13483562247300312,1.7138317350630743
public_v661_47,864691135716106266,coarse,5,0.27202805926074725,0.1724137931034483,1.5777627437123338,0.23974262171139754,0.032968071603462795,0.032285437549349705,1.1346670747107077
public_v661_47,864691135716106266,intermediate,15,0.6182962026147625,0.5172413793103449,1.1953726583885407,0.6227153866768836,0.05031934572809612,-0.004419184062121162,0.9929033645921227
public_v661_47,864691135716106266,fine,9,0.10967573812449019,0.3103448275862069,0.3533996006233573,0.13754199161171876,0.06236933585917496,-0.02786625348722857,0.7973982115520397
public_v661_47,864691135716174106,coarse,5,0.47638971820861753,0.1724137931034483,2.7630603656099817,0.41727270772972425,0.08567365327742926,0.059117010478893284,1.1416747594170107
public_v661_47,864691135716174106,intermediate,10,0.4187867221942183,0.3448275862068966,1.214481494363233,0.4454049798818824,0.060811172584812535,-0.02661825768766407,0.9402380779516138
public_v661_47,864691135716174106,fine,14,0.10482355959716412,0.4827586206896552,0.21713451630841138,0.13732231238839343,0.058553262539712984,-0.03249875279122931,0.763339604278495
public_v661_47,864691135740320660,coarse,4,0.21914455468220953,0.16666666666666666,1.3148673280932572,0.3367185754463574,0.18061902409550742,-0.11757402076414789,0.6508240728677038
public_v661_47,864691135740320660,intermediate,12,0.722894422331977,0.5,1.445788844663954,0.5663705926635788,0.15954231513357223,0.15652382966839817,1.276362918018543
public_v661_47,864691135740320660,fine,8,0.057961022985813446,0.3333333333333333,0.17388306895744035,0.09691083189006372,0.0779691802978307,-0.038949808904250274,0.5980861154051882
public_v661_47,864691135762339894,coarse,5,0.29991462698346527,0.18518518518518517,1.6195389857107125,0.35734529816307636,0.09181273189741818,-0.05743067117961109,0.8392852194366852
public_v661_47,864691135762339894,intermediate,13,0.6293486335817394,0.48148148148148145,1.3071087005159203,0.520318293967876,0.08351056703443178,0.10903033961386344,1.2095454664536451
public_v661_47,864691135762339894,fine,9,0.07073673943479532,0.3333333333333333,0.21221021830438597,0.12233640786904762,0.04952207383398051,-0.0515996684342523,0.5782149457135765
public_v661_47,864691135856802606,coarse,6,0.3231983099109319,0.23076923076923078,1.4005260096140382,0.4522080394455987,0.113369633336348,-0.12900972953466677,0.7147115524685694
public_v661_47,864691135856802606,intermediate,12,0.5826144601253919,0.46153846153846156,1.2623313302716823,0.47433429970934377,0.09994634896618732,0.1082801604160481,1.2282781584262377
public_v661_47,864691135856802606,fine,8,0.09418722996367629,0.3076923076923077,0.3061084973819479,0.07345766084505756,0.03606899354536184,0.02072956911861873,1.2821975118748077
public_v661_47,864691135856845358,coarse,4,0.18854415194812488,0.11764705882352941,1.6026252915590615,0.2733316365742923,0.07077287884370205,-0.08478748462616745,0.6897999598991829
public_v661_47,864691135856845358,intermediate,14,0.639823767195458,0.4117647058823529,1.5538577203318267,0.5701371382312327,0.05377399188774073,0.06968662896422528,1.1222278365875584
public_v661_47,864691135856845358,fine,16,0.1716320808564171,0.47058823529411764,0.36471817181988636,0.1565312251944751,0.05724665548545936,0.015100855661941998,1.0964718422358264
public_v661_47,864691135867632406,coarse,5,0.2751200202786719,0.13157894736842105,2.0909121541179063,0.25389225668091064,0.08275867188853706,0.02122776359776124,1.0836093383676528
public_v661_47,864691135867632406,intermediate,15,0.47780756333031815,0.39473684210526316,1.2104458271034726,0.5601490146283803,0.0830780059993027,-0.08234145129806214,0.8530008102349516
public_v661_47,864691135867632406,fine,18,0.2470724163910099,0.47368421052631576,0.5215973234921321,0.18595872869070906,0.07281027827515589,0.061113687700300845,1.3286411352163339
public_v661_47,864691135919106224,coarse,4,0.7144806309118099,0.3076923076923077,2.322062050463382,0.5605248601017307,0.16400094110898736,0.15395577081007916,1.2746635908033364
public_v661_47,864691135919106224,intermediate,8,0.2846004558360139,0.6153846153846154,0.46247574073352254,0.4320029050092038,0.160699311516691,-0.1474024491731899,0.6587929213808192
public_v661_47,864691135919106224,fine,1,0.0009189132521764931,0.07692307692307693,0.01194587227829441,0.007472234889065459,0.008404840553101808,-0.006553321636888966,0.12297702973994976
public_v661_47,864691135938349828,coarse,6,0.42270197148747984,0.21428571428571427,1.972609200274906,0.40090466010033277,0.09316670944023925,0.021797311387147078,1.0543703118384604
public_v661_47,864691135938349828,intermediate,11,0.3923447580818664,0.39285714285714285,0.9986957478447509,0.417757388506392,0.0760041876327358,-0.025412630424525573,0.9391689264542193
public_v661_47,864691135938349828,fine,11,0.18495327043065368,0.39285714285714285,0.4707901429143912,0.1813379513932753,0.06358364237654092,0.003615319037378384,1.0199369134238077
public_v661_47,864691135947212897,coarse,5,0.3945401034053964,0.15151515151515152,2.6039646824756164,0.2893429924519765,0.09749131776602768,0.10519711095341994,1.3635723473444064
public_v661_47,864691135947212897,intermediate,13,0.3591192560579421,0.3939393939393939,0.9116104192240069,0.4812679839617904,0.07199170157706677,-0.12214872790384829,0.7461939460457728
public_v661_47,864691135947212897,fine,15,0.24634064053666163,0.45454545454545453,0.5419494091806556,0.22938902358623314,0.07683318696412612,0.01695161695042849,1.0738989890859183
public_v661_47,864691135952698659,coarse,4,0.787587468497284,0.25,3.150349873989136,0.4766927168082995,0.15168430987772794,0.3108947516889845,1.6521911091291328
public_v661_47,864691135952698659,intermediate,8,0.16625506761186326,0.5,0.3325101352237265,0.4701279920722368,0.14094665444663093,-0.30387292446037356,0.3536378824818361
public_v661_47,864691135952698659,fine,4,0.046157463890852915,0.25,0.18462985556341166,0.05317929111946376,0.04204592420845248,-0.007021827228610847,0.8679593676260788
public_v661_47,864691135992368833,coarse,4,0.6204544492389383,0.2222222222222222,2.792045021575223,0.49742443598020886,0.19987843379445275,0.12303001325872948,1.2473340760115461
public_v661_47,864691135992368833,intermediate,7,0.2644286009003295,0.3888888888888889,0.6799592594579901,0.39055239037396494,0.1703351996473715,-0.12612378947363545,0.677063071223637
public_v661_47,864691135992368833,fine,7,0.11511694986073219,0.3888888888888889,0.29601501392759705,0.11202317364582622,0.07305576980811522,0.0030937762149059744,1.0276172876934133
public_v661_47,864691136024229689,coarse,5,0.2881557656217224,0.18518518518518517,1.556041134357301,0.36172125556916496,0.09690309339977315,-0.07356548994744255,0.7966238123560421
public_v661_47,864691136024229689,intermediate,12,0.5788806116461043,0.4444444444444444,1.3024813762037346,0.46679542674997365,0.07366805482588461,0.11208518489613062,1.240116287506317
public_v661_47,864691136024229689,fine,10,0.13296362273217333,0.37037037037037035,0.359001781376868,0.1714833176808614,0.05507821208570218,-0.038519694948688066,0.7753735146390447
public_v661_47,864691136066506392,coarse,5,0.33435402071675163,0.23809523809523808,1.4042868870103569,0.38606751930413885,0.0919380533893538,-0.05171349858738722,0.8660506362187698
public_v661_47,864691136066506392,intermediate,12,0.6036182379801165,0.5714285714285714,1.0563319164652039,0.5466455694272441,0.08271490626507964,0.05697266855287242,1.1042223183342845
public_v661_47,864691136066506392,fine,4,0.062027741303131725,0.19047619047619047,0.32564564184144157,0.06728691126861701,0.03963061403210989,-0.005259169965485283,0.9218396287430987
public_v661_47,864691136066697624,coarse,5,0.4288251901679548,0.13513513513513514,3.1733064072428654,0.2149913212949571,0.042980334418908694,0.21383386887299768,1.9946162830434842
public_v661_47,864691136066697624,intermediate,16,0.43354377629501384,0.43243243243243246,1.0025699826822194,0.5954039833234794,0.04991947263690505,-0.1618602070284656,0.7281506144366389
public_v661_47,864691136066697624,fine,16,0.1376310335370314,0.43243243243243246,0.3182717650543851,0.18960469538156355,0.0534535009743476,-0.05197366184453214,0.7258840993365723
public_v661_47,864691136066733720,coarse,5,0.3550990617877867,0.22727272727272727,1.5624358718662616,0.43855311275535724,0.1498142595720228,-0.08345405096757053,0.8097059431564801
public_v661_47,864691136066733720,intermediate,9,0.4440683289064523,0.4090909090909091,1.0855003595491055,0.4209470398461242,0.11710272810650464,0.02312128906032812,1.0549268360903072
public_v661_47,864691136066733720,fine,8,0.20083260930576086,0.36363636363636365,0.5522896755908423,0.14049984739851853,0.07312884852256347,0.06033276190724232,1.4294151418977163
public_v661_47,864691136100511093,coarse,4,0.5222778742993726,0.14814814814814814,3.525375651520765,0.33704964606415594,0.1164502048246557,0.18522822823521662,1.5495576998765317
public_v661_47,864691136100511093,intermediate,12,0.332452822163467,0.4444444444444444,0.7480188498678008,0.5045373670889126,0.09458490067864705,-0.17208454492544561,0.6589260654402237
public_v661_47,864691136100511093,fine,11,0.14526930353716053,0.4074074074074074,0.3565701086821213,0.1584129868469315,0.06798719625615177,-0.013143683309770976,0.917029003925851
public_v661_47,864691136109892792,coarse,4,0.21895305040527077,0.14814814814814814,1.4779330902355778,0.32753699608520737,0.1350109483798181,-0.1085839456799366,0.6684834172085741
public_v661_47,864691136109892792,intermediate,12,0.5176945435903767,0.4444444444444444,1.1648127230783476,0.5098858105896671,0.10946896310438842,0.007808733000709611,1.0153146701448292
public_v661_47,864691136109892792,fine,11,0.26335240600435245,0.4074074074074074,0.6464104511015925,0.16257719332512569,0.0846086138055949,0.10077521267922676,1.6198606988970103
public_v661_47,864691136137737085,coarse,6,0.32575873732490795,0.3,1.0858624577496931,0.41411227074479473,0.1550703926656899,-0.08835353341988678,0.7866435272227504
public_v661_47,864691136137737085,intermediate,11,0.6643263123873081,0.55,1.2078660225223783,0.5395813982442649,0.14591854216009528,0.12474491414304323,1.2311883147731717
public_v661_47,864691136137737085,fine,3,0.009914950287783797,0.15,0.06609966858522531,0.046306331010940394,0.048661560944570664,-0.0363913807231566,0.21411651649622765
public_v661_47,864691136195348812,coarse,5,0.44603864227523327,0.037037037037037035,12.043043341431298,0.08872535655236771,0.013849351893176853,0.3573132857228656,5.027183429936077
public_v661_47,864691136195348812,intermediate,17,0.34405498389223,0.1259259259259259,2.7322013426735916,0.33904535098538346,0.03857684656894341,0.005009632906846528,1.0147757015168821
public_v661_47,864691136195348812,fine,113,0.20990637383253666,0.837037037037037,0.2507731014813491,0.5722292924622489,0.04080417841916038,-0.3623229186297122,0.3668221403509933
public_v661_47,864691136275165965,coarse,5,0.5361417187190052,0.23809523809523808,2.251795218619822,0.3650515711108955,0.06343809766031587,0.1710901476081097,1.4686739111612694
public_v661_47,864691136275165965,intermediate,9,0.41331017748341214,0.42857142857142855,0.9643904141279617,0.49315595426482395,0.05019584197362624,-0.0798457767814118,0.8380922381836745
public_v661_47,864691136275165965,fine,7,0.050548103797582795,0.3333333333333333,0.1516443113927484,0.14179247462428063,0.06340222690368072,-0.09124437082669784,0.3564935581491495
public_v661_47,864691136371808392,coarse,4,0.29132938692155474,0.12903225806451613,2.2578027486420496,0.2693931703345831,0.09069389622777849,0.021936216586971646,1.0814282580353731
public_v661_47,864691136371808392,intermediate,13,0.48764991441159194,0.41935483870967744,1.1628574882122578,0.5580498179643341,0.079967236304462,-0.07039990355274212,0.8738465612092692
public_v661_47,864691136371808392,fine,14,0.22102069866685334,0.45161290322580644,0.489402975619461,0.17255701170108284,0.07616604139026564,0.0484636869657705,1.2808560862755505
public_v661_47,864691136389026167,coarse,5,0.5466816913196261,0.22727272727272727,2.4053994418063547,0.49401556120867196,0.13159388088674512,0.05266613011095411,1.106608241210256
public_v661_47,864691136389026167,intermediate,9,0.3438313221851694,0.4090909090909091,0.840476565341525,0.37374233382919964,0.10366373629862413,-0.02991101164403026,0.9199688958497819
public_v661_47,864691136389026167,fine,8,0.10948698649520451,0.36363636363636365,0.3010892128618124,0.1322421049621284,0.06155363328787477,-0.022755118466923893,0.8279283404219819
public_v661_47,864691136419314071,coarse,6,0.3261972987443364,0.3157894736842105,1.0329581126903986,0.667650841380609,0.18767127915112636,-0.34145354263627264,0.48857468384194014
public_v661_47,864691136419314071,intermediate,5,0.44696548363713506,0.2631578947368421,1.6984688378211132,0.20064076749713355,0.12524579942675967,0.2463247161400015,2.2276902606222366
public_v661_47,864691136419314071,fine,8,0.2268372176185285,0.42105263157894735,0.5387383918440053,0.13170839112225743,0.10017587141025204,0.09512882649627108,1.7222685334297978
public_v661_47,864691136486753554,coarse,6,0.4246474692291945,0.20689655172413793,2.052462767941107,0.48109580017150344,0.17575551625978766,-0.056448330942308944,0.8826671716481708
public_v661_47,864691136486753554,intermediate,8,0.3624387997249677,0.27586206896551724,1.313840649003008,0.3021291597378287,0.11159977564329242,0.06030963998713895,1.1996154228856042
public_v661_47,864691136486753554,fine,15,0.21291373104583816,0.5172413793103449,0.4116332133552871,0.21677504009066775,0.11295228265610482,-0.0038613090448295917,0.9821874831935699
public_v661_47,864691136619341965,coarse,5,0.6216246258058854,0.3333333333333333,1.8648738774176563,0.5576194375527569,0.13444433552104107,0.06400518825312851,1.1147829217253082
public_v661_47,864691136619341965,intermediate,6,0.31967018369812794,0.4,0.7991754592453199,0.38638993977167607,0.12514065341933842,-0.06671975607354813,0.8273253281051419
public_v661_47,864691136619341965,fine,4,0.05870519049598681,0.26666666666666666,0.22014446435995055,0.05599062267556703,0.03450409491001971,0.002714567820419782,1.0484825438743397
public_v661_47,864691136663284190,coarse,5,0.7479058038553352,0.2631578947368421,2.842042054650274,0.6305433626544643,0.14649200223110898,0.11736244120087092,1.186129056543864
public_v661_47,864691136663284190,intermediate,5,0.14046560942929961,0.2631578947368421,0.5337693158313386,0.23746225357428094,0.1065775937380204,-0.09699664414498133,0.5915281579072539
public_v661_47,864691136663284190,fine,9,0.11162858671536498,0.47368421052631576,0.23566034973243719,0.13199438377125464,0.0672544426174378,-0.02036579705588966,0.8457070939383039
public_v661_47,864691136673975943,coarse,5,0.3291056352118416,0.18518518518518517,1.7771704301439448,0.2452222349522922,0.04842208623079655,0.0838834002595494,1.3420709393496428
public_v661_47,864691136673975943,intermediate,15,0.6222532542886067,0.5555555555555556,1.120055857719492,0.647934239875265,0.05783114416987347,-0.025680985586658323,0.960364827159617
public_v661_47,864691136673975943,fine,7,0.048641110499551596,0.25925925925925924,0.18761571192684187,0.10684352517244278,0.05569062493465804,-0.05820241467289118,0.45525557511366327
public_v661_47,864691136953057759,coarse,5,0.30277058642695315,0.10869565217391304,2.785489395127969,0.20805634244530605,0.03286231033026399,0.0947142439816471,1.4552336298353683
public_v661_47,864691136953057759,intermediate,16,0.4809225406074697,0.34782608695652173,1.3826523042464753,0.5400892291333858,0.05109535018601773,-0.059166688525916056,0.890450160206206
public_v661_47,864691136953057759,fine,25,0.21630687296557718,0.5434782608695652,0.39800464625666204,0.25185442842130823,0.06882866220886051,-0.035547555455731045,0.8588567384796338
public_v661_47,864691137197373249,coarse,4,0.6401460626360103,0.21052631578947367,3.040693797521049,0.527997673802153,0.13298735767669378,0.11214838883385725,1.2124031873592696
public_v661_47,864691137197373249,intermediate,7,0.32329080367653734,0.3684210526315789,0.8775036099791729,0.35520470371134527,0.10572302034263563,-0.03191390003480793,0.9101534982466264
public_v661_47,864691137197373249,fine,8,0.03656313368745253,0.42105263157894735,0.08683744250769976,0.11679762248650181,0.06126707902987619,-0.08023448879904929,0.3130469003483191
original_8,864691135060651419,coarse,5,0.0993862855842505,0.03937007874015748,2.524411653839963,0.06660578016637714,0.012613048140553862,0.03278050541787336,1.4921570670892177
original_8,864691135060651419,intermediate,16,0.31833105492916897,0.12598425196850394,2.5267527485002788,0.2049565014626795,0.03493632588682457,0.11337455346648947,1.5531639770262855
original_8,864691135060651419,fine,106,0.5822826594865804,0.8346456692913385,0.6976405448565633,0.7284377183709434,0.034399808087146745,-0.14615505888436298,0.7993581946700675
original_8,864691135196576298,coarse,4,0.39852917808619376,0.2,1.9926458904309687,0.3316360062648265,0.047776620755869845,0.06689317182136728,1.2017066016889313
original_8,864691135196576298,intermediate,13,0.5950904605613554,0.65,0.9155237854790083,0.6470750599762167,0.04390530120289102,-0.05198459941486133,0.9196621804327121
original_8,864691135196576298,fine,3,0.006380361352450889,0.15,0.0425357423496726,0.0212889337589567,0.015298186067106251,-0.01490857240650581,0.29970318968025056
original_8,864691135277186789,coarse,6,0.24042796265963465,0.06382978723404255,3.7667047483342766,0.10634816034419323,0.016572680445310455,0.13407980231544142,2.260762780300998
original_8,864691135277186789,intermediate,18,0.41638571535161006,0.19148936170212766,2.1744587357250746,0.3152975456832337,0.03177863275927277,0.10108816966837636,1.320611977645825
original_8,864691135277186789,fine,70,0.3431863219887552,0.7446808510638298,0.4608502038134713,0.578354293972573,0.03412120884447237,-0.23516797198381778,0.5933842379408875
original_8,864691135324623260,coarse,6,0.32307089997142213,0.18181818181818182,1.7768899498428217,0.2732665481701,0.03975759268454312,0.049804351801322144,1.1822555747669505
original_8,864691135324623260,intermediate,14,0.5889422085997051,0.42424242424242425,1.3882209202707334,0.5593937401805549,0.04056036035287011,0.029548468419150264,1.0528223079679313
original_8,864691135324623260,fine,13,0.08798689142887288,0.3939393939393939,0.223351339780985,0.16733971164934508,0.05748593965558085,-0.0793528202204722,0.5257980342003131
original_8,864691135409937097,coarse,6,0.1893423092366887,0.08695652173913043,2.1774365562219202,0.1421077809650445,0.024365274843824558,0.047234528271644205,1.332385235705446
original_8,864691135409937097,intermediate,18,0.4622672010811274,0.2608695652173913,1.7720242708109883,0.42392620227007394,0.06413324688053254,0.03834099881105346,1.0904426256403639
original_8,864691135409937097,fine,45,0.3483904896821837,0.6521739130434783,0.534198750846015,0.43396601676488156,0.07315807235446285,-0.08557552708269783,0.8028059254025373
original_8,864691135739661169,coarse,4,0.3266972647733319,0.12903225806451613,2.531903801993322,0.23545609835778497,0.052083541858553406,0.09124116641554691,1.387508189645198
original_8,864691135739661169,intermediate,17,0.6048794092292415,0.5483870967741935,1.1030153933003817,0.6615048607959845,0.046094889833122044,-0.056625451566742924,0.9143990393379636
original_8,864691135739661169,fine,10,0.06842332599742659,0.3225806451612903,0.21211231059202246,0.10303904084623058,0.035746846912680624,-0.03461571484880399,0.6640524352273188
original_8,864691135810666525,coarse,6,0.14266578507875827,0.05217391304347826,2.7344275473428667,0.08796832307597258,0.007969448183116176,0.05469746200278569,1.6217858893996082
original_8,864691135810666525,intermediate,15,0.3875698624301873,0.13043478260869565,2.971368945298103,0.21494353733824478,0.018300447202295216,0.17262632509194253,1.8031240540174511
original_8,864691135810666525,fine,94,0.4697643524910544,0.8173913043478261,0.5747117078348005,0.6970881395857826,0.020415836098307365,-0.22732378709472822,0.6738952017892508
original_8,864691136043380566,coarse,6,0.25463462188503666,0.1111111111111111,2.29171159696533,0.18991239937970072,0.025703554973393328,0.06472222250533594,1.340800404379778
original_8,864691136043380566,intermediate,16,0.5321096220792816,0.2962962962962963,1.7958699745175755,0.49022060322660266,0.08004220447775258,0.04188901885267893,1.0854493233800617
original_8,864691136043380566,fine,32,0.2132557560356818,0.5925925925925926,0.3598690883102131,0.3198669973936966,0.09525599615385821,-0.10661124135801481,0.6667013407863511
